1.40364e+09,0.252352
1.40364e+09,0.585607
1.40364e+09,0.263599
1.40364e+09,0.228458
1.40364e+09,0.225684
1.40364e+09,0.228189
1.40364e+09,0.288588
1.40364e+09,0.362586
1.40364e+09,0.354938
1.40364e+09,0.261202
1.40364e+09,0.234025
1.40364e+09,0.351663
1.40364e+09,0.261273
1.40364e+09,0.242242
1.40364e+09,0.366586
1.40364e+09,0.266948
1.40364e+09,0.234364
1.40364e+09,0.269723
1.40364e+09,0.233525
1.40364e+09,0.256012
1.40364e+09,0.244556
1.40364e+09,0.28714
1.40364e+09,0.244886
1.40364e+09,0.372157
1.40364e+09,0.281748
1.40364e+09,0.250725
1.40364e+09,0.373769
1.40364e+09,0.361018
1.40364e+09,0.274814
1.40364e+09,0.245119
1.40364e+09,0.400694
1.40364e+09,0.354883
1.40364e+09,0.375678
1.40364e+09,0.391312
1.40364e+09,0.37575
1.40364e+09,0.377148
1.40364e+09,0.396591
1.40364e+09,0.380827
1.40364e+09,0.494729
1.40364e+09,0.220399
1.40364e+09,0.344071
1.40364e+09,0.246422
1.40364e+09,0.227608
1.40364e+09,0.469468
1.40364e+09,0.242425
1.40364e+09,0.242379
1.40364e+09,0.253299
1.40364e+09,0.245222
1.40364e+09,0.257072
1.40364e+09,0.249971
1.40364e+09,0.262602
1.40364e+09,0.263087
1.40364e+09,0.242745
1.40364e+09,0.260286
1.40364e+09,0.225979
1.40364e+09,0.277168
1.40364e+09,0.261234
1.40364e+09,0.230517
1.40364e+09,0.262551
1.40364e+09,0.267938
1.40364e+09,0.256616
1.40364e+09,0.256303
1.40364e+09,0.260006
1.40364e+09,0.252196
1.40364e+09,0.253034
1.40364e+09,0.261974
1.40364e+09,0.265479
1.40364e+09,0.264353
1.40364e+09,0.278737
1.40364e+09,0.269513
1.40364e+09,0.243843
1.40364e+09,0.269444
1.40364e+09,0.234963
1.40364e+09,0.237301
1.40364e+09,0.260221
1.40364e+09,0.240666
1.40364e+09,0.247354
1.40364e+09,0.247187
1.40364e+09,0.277005
1.40364e+09,0.279986
1.40364e+09,0.271216
1.40364e+09,0.266409
1.40364e+09,0.275197
1.40364e+09,0.271166
1.40364e+09,0.242551
1.40364e+09,0.284493
1.40364e+09,0.282874
1.40364e+09,0.267379
1.40364e+09,0.287225
1.40364e+09,0.293632
1.40364e+09,0.282125
1.40364e+09,0.268228
1.40364e+09,0.2396
1.40364e+09,0.252774
1.40364e+09,0.24687
1.40364e+09,0.27288
1.40364e+09,0.275036
1.40364e+09,0.261482
1.40364e+09,0.259364
1.40364e+09,0.240113
1.40364e+09,0.239639
1.40364e+09,0.280764
1.40364e+09,0.238761
1.40364e+09,0.243263
1.40364e+09,0.250703
1.40364e+09,0.258656
1.40364e+09,0.264933
1.40364e+09,0.258329
1.40364e+09,0.256914
1.40364e+09,0.291701
1.40364e+09,0.286086
1.40364e+09,0.265326
1.40364e+09,0.312418
1.40364e+09,0.275361
1.40364e+09,0.254645
1.40364e+09,0.24504
1.40364e+09,0.246005
1.40364e+09,0.248705
1.40364e+09,0.253699
1.40364e+09,0.259064
1.40364e+09,0.268737
1.40364e+09,0.278771
1.40364e+09,0.295169
1.40364e+09,0.296061
1.40364e+09,0.261287
1.40364e+09,0.248464
1.40364e+09,0.249345
1.40364e+09,0.285708
1.40364e+09,0.311518
1.40364e+09,0.245856
1.40364e+09,0.243273
1.40364e+09,0.277648
1.40364e+09,0.304576
1.40364e+09,0.323554
1.40364e+09,0.245345
1.40364e+09,0.280513
1.40364e+09,0.291957
1.40364e+09,0.291727
1.40364e+09,0.280229
1.40364e+09,0.258836
1.40364e+09,0.28788
1.40364e+09,0.305546
1.40364e+09,0.260716
1.40364e+09,0.2886
1.40364e+09,0.280444
1.40364e+09,0.297255
1.40364e+09,0.272698
1.40364e+09,0.253032
1.40364e+09,0.2471
1.40364e+09,0.259134
1.40364e+09,0.266952
1.40364e+09,0.297607
1.40364e+09,0.299811
1.40364e+09,0.273147
1.40364e+09,0.268256
1.40364e+09,0.237215
1.40364e+09,0.235514
1.40364e+09,0.232363
1.40364e+09,0.25937
1.40364e+09,0.25058
1.40364e+09,0.233305
1.40364e+09,0.224887
1.40364e+09,0.26282
1.40364e+09,0.262614
1.40364e+09,0.246683
1.40364e+09,0.245243
1.40364e+09,0.252364
1.40364e+09,0.252581
1.40364e+09,0.242592
1.40364e+09,0.224798
1.40364e+09,0.212863
1.40364e+09,0.24505
1.40364e+09,0.253138
1.40364e+09,0.217487
1.40364e+09,0.245327
1.40364e+09,0.21594
1.40364e+09,0.211808
1.40364e+09,0.244789
1.40364e+09,0.236935
1.40364e+09,0.22712
1.40364e+09,0.224612
1.40364e+09,0.247155
1.40364e+09,0.22738
1.40364e+09,0.234573
1.40364e+09,0.23303
1.40364e+09,0.23218
1.40364e+09,0.232939
1.40364e+09,0.268124
1.40364e+09,0.274938
1.40364e+09,0.285594
1.40364e+09,0.291724
1.40364e+09,0.284495
1.40364e+09,0.253036
1.40364e+09,0.278211
1.40364e+09,0.296855
1.40364e+09,0.291329
1.40364e+09,0.300005
1.40364e+09,0.243635
1.40364e+09,0.282777
1.40364e+09,0.275577
1.40364e+09,0.263886
1.40364e+09,0.249511
1.40364e+09,0.341061
1.40364e+09,0.2589
1.40364e+09,0.262148
1.40364e+09,0.278081
1.40364e+09,0.276308
1.40364e+09,0.372457
1.40364e+09,0.257153
1.40364e+09,0.267005
1.40364e+09,0.280581
1.40364e+09,0.287738
1.40364e+09,0.400217
1.40364e+09,0.260405
1.40364e+09,0.253192
1.40364e+09,0.264849
1.40364e+09,0.250961
1.40364e+09,0.251149
1.40364e+09,0.254103
1.40364e+09,0.248975
1.40364e+09,0.2515
1.40364e+09,0.256298
1.40364e+09,0.331704
1.40364e+09,0.29227
1.40364e+09,0.293199
1.40364e+09,0.285405
1.40364e+09,0.290678
1.40364e+09,0.286633
1.40364e+09,0.284408
1.40364e+09,0.301336
1.40364e+09,0.26288
1.40364e+09,0.256642
1.40364e+09,0.285691
1.40364e+09,0.280749
1.40364e+09,0.281403
1.40364e+09,0.25467
1.40364e+09,0.263205
1.40364e+09,0.277446
1.40364e+09,0.264394
1.40364e+09,0.268899
1.40364e+09,0.268003
1.40364e+09,0.279513
1.40364e+09,0.27599
1.40364e+09,0.282886
1.40364e+09,0.302092
1.40364e+09,0.237273
1.40364e+09,0.256879
1.40364e+09,0.258191
1.40364e+09,0.27317
1.40364e+09,0.276476
1.40364e+09,0.275489
1.40364e+09,0.348891
1.40364e+09,0.234212
1.40364e+09,0.254448
1.40364e+09,0.237566
1.40364e+09,0.315727
1.40364e+09,0.241252
1.40364e+09,0.242471
1.40364e+09,0.259299
1.40364e+09,0.237468
1.40364e+09,0.257987
1.40364e+09,0.257499
1.40364e+09,0.253749
1.40364e+09,0.246009
1.40364e+09,0.241722
1.40364e+09,0.30362
1.40364e+09,0.222349
1.40364e+09,0.219534
1.40364e+09,0.2214
1.40364e+09,0.225732
1.40364e+09,0.250562
1.40364e+09,0.258058
1.40364e+09,0.30391
1.40364e+09,0.243035
1.40364e+09,0.236458
1.40364e+09,0.246386
1.40364e+09,0.297515
1.40364e+09,0.301126
1.40364e+09,0.354436
1.40364e+09,0.263382
1.40364e+09,0.253418
1.40364e+09,0.265352
1.40364e+09,0.275979
1.40364e+09,0.263098
1.40364e+09,0.259984
1.40364e+09,0.250955
1.40364e+09,0.257278
1.40364e+09,0.263815
1.40364e+09,0.269222
1.40364e+09,0.355124
1.40364e+09,0.239688
1.40364e+09,0.250139
1.40364e+09,0.263531
1.40364e+09,0.262482
1.40364e+09,0.265207
1.40364e+09,0.260206
1.40364e+09,0.258881
1.40364e+09,0.248833
1.40364e+09,0.259904
1.40364e+09,0.283193
1.40364e+09,0.271137
1.40364e+09,0.259093
1.40364e+09,0.251421
1.40364e+09,0.256015
1.40364e+09,0.256743
1.40364e+09,0.263349
1.40364e+09,0.25764
1.40364e+09,0.255387
1.40364e+09,0.250546
1.40364e+09,0.242823
1.40364e+09,0.247342
1.40364e+09,0.258095
1.40364e+09,0.267765
1.40364e+09,0.252037
1.40364e+09,0.250471
1.40364e+09,0.248197
1.40364e+09,0.254145
1.40364e+09,0.271354
1.40364e+09,0.266672
1.40364e+09,0.249625
1.40364e+09,0.242836
1.40364e+09,0.238587
1.40364e+09,0.258887
1.40364e+09,0.251606
1.40364e+09,0.255262
1.40364e+09,0.250897
1.40364e+09,0.252805
1.40364e+09,0.253441
1.40364e+09,0.247072
1.40364e+09,0.24942
1.40364e+09,0.253502
1.40364e+09,0.254494
1.40364e+09,0.254806
1.40364e+09,0.254772
1.40364e+09,0.251334
1.40364e+09,0.255208
1.40364e+09,0.266013
1.40364e+09,0.256173
1.40364e+09,0.255603
1.40364e+09,0.278129
1.40364e+09,0.241
1.40364e+09,0.262929
1.40364e+09,0.251648
1.40364e+09,0.263701
1.40364e+09,0.290719
1.40364e+09,0.290303
1.40364e+09,0.283439
1.40364e+09,0.270834
1.40364e+09,0.272735
1.40364e+09,0.282172
1.40364e+09,0.258645
1.40364e+09,0.291117
1.40364e+09,0.283734
1.40364e+09,0.271405
1.40364e+09,0.308574
1.40364e+09,0.258985
1.40364e+09,0.27559
1.40364e+09,0.269307
1.40364e+09,0.278028
1.40364e+09,0.273671
1.40364e+09,0.277101
1.40364e+09,0.271687
1.40364e+09,0.268641
1.40364e+09,0.272975
1.40364e+09,0.282578
1.40364e+09,0.28511
1.40364e+09,0.289623
1.40364e+09,0.286394
1.40364e+09,0.28012
1.40364e+09,0.277514
1.40364e+09,0.253436
1.40364e+09,0.278423
1.40364e+09,0.281071
1.40364e+09,0.28217
1.40364e+09,0.353142
1.40364e+09,0.269361
1.40364e+09,0.276601
1.40364e+09,0.27921
1.40364e+09,0.285337
1.40364e+09,0.281769
1.40364e+09,0.288027
1.40364e+09,0.274589
1.40364e+09,0.270215
1.40364e+09,0.26815
1.40364e+09,0.263416
1.40364e+09,0.259282
1.40364e+09,0.256581
1.40364e+09,0.364257
1.40364e+09,0.24625
1.40364e+09,0.246507
1.40364e+09,0.251562
1.40364e+09,0.265187
1.40364e+09,0.267574
1.40364e+09,0.264485
1.40364e+09,0.279464
1.40364e+09,0.256012
1.40364e+09,0.247292
1.40364e+09,0.252837
1.40364e+09,0.244458
1.40364e+09,0.244662
1.40364e+09,0.237928
1.40364e+09,0.23961
1.40364e+09,0.235968
1.40364e+09,0.246194
1.40364e+09,0.248052
1.40364e+09,0.294518
1.40364e+09,0.25427
1.40364e+09,0.251223
1.40364e+09,0.253237
1.40364e+09,0.24997
1.40364e+09,0.248591
1.40364e+09,0.252233
1.40364e+09,0.250296
1.40364e+09,0.246836
1.40364e+09,0.249312
1.40364e+09,0.250408
1.40364e+09,0.250811
1.40364e+09,0.243311
1.40364e+09,0.241693
1.40364e+09,0.236358
1.40364e+09,0.237375
1.40364e+09,0.232741
1.40364e+09,0.234141
1.40364e+09,0.261219
1.40364e+09,0.260089
1.40364e+09,0.243226
1.40364e+09,0.23873
1.40364e+09,0.234982
1.40364e+09,0.232917
1.40364e+09,0.232844
1.40364e+09,0.254008
1.40364e+09,0.256179
1.40364e+09,0.254114
1.40364e+09,0.255747
1.40364e+09,0.255896
1.40364e+09,0.254548
1.40364e+09,0.254167
1.40364e+09,0.25163
1.40364e+09,0.25614
1.40364e+09,0.250971
1.40364e+09,0.250481
1.40364e+09,0.251852
1.40364e+09,0.236115
1.40364e+09,0.257442
1.40364e+09,0.250768
1.40364e+09,0.250214
1.40364e+09,0.252066
1.40364e+09,0.240659
1.40364e+09,0.236653
1.40364e+09,0.23319
1.40364e+09,0.232437
1.40364e+09,0.26156
1.40364e+09,0.241053
1.40364e+09,0.240549
1.40364e+09,0.250269
1.40364e+09,0.258129
1.40364e+09,0.237925
1.40364e+09,0.236184
1.40364e+09,0.241714
1.40364e+09,0.234489
1.40364e+09,0.24321
1.40364e+09,0.242072
1.40364e+09,0.253495
1.40364e+09,0.258127
1.40364e+09,0.257723
1.40364e+09,0.258879
1.40364e+09,0.260778
1.40364e+09,0.256407
1.40364e+09,0.257658
1.40364e+09,0.257246
1.40364e+09,0.260338
1.40364e+09,0.259174
1.40364e+09,0.25848
1.40364e+09,0.256017
1.40364e+09,0.258879
1.40364e+09,0.257127
1.40364e+09,0.259483
1.40364e+09,0.260107
1.40364e+09,0.259374
1.40364e+09,0.258089
1.40364e+09,0.245314
1.40364e+09,0.236761
1.40364e+09,0.236367
1.40364e+09,0.241616
1.40364e+09,0.241003
1.40364e+09,0.254988
1.40364e+09,0.231776
1.40364e+09,0.234728
1.40364e+09,0.236411
1.40364e+09,0.251788
1.40364e+09,0.238881
1.40364e+09,0.21912
1.40364e+09,0.232005
1.40364e+09,0.25653
1.40364e+09,0.232812
1.40364e+09,0.258603
1.40364e+09,0.232723
1.40364e+09,0.230774
1.40364e+09,0.23274
1.40364e+09,0.250815
1.40364e+09,0.242432
1.40364e+09,0.253334
1.40364e+09,0.248458
1.40364e+09,0.24267
1.40364e+09,0.264351
1.40364e+09,0.246348
1.40364e+09,0.231593
1.40364e+09,0.265129
1.40364e+09,0.261989
1.40364e+09,0.261811
1.40364e+09,0.255077
1.40364e+09,0.252199
1.40364e+09,0.234419
1.40364e+09,0.221709
1.40364e+09,0.232624
1.40364e+09,0.251246
1.40364e+09,0.234816
1.40364e+09,0.255434
1.40364e+09,0.239813
1.40364e+09,0.255122
1.40364e+09,0.234417
1.40364e+09,0.253896
1.40364e+09,0.252404
1.40364e+09,0.239845
1.40364e+09,0.245464
1.40364e+09,0.23257
1.40364e+09,0.238642
1.40364e+09,0.234556
1.40364e+09,0.242836
1.40364e+09,0.237055
1.40364e+09,0.241493
1.40364e+09,0.225457
1.40364e+09,0.230826
1.40364e+09,0.243509
1.40364e+09,0.235684
1.40364e+09,0.233471
1.40364e+09,0.254066
1.40364e+09,0.250714
1.40364e+09,0.223496
1.40364e+09,0.248871
1.40364e+09,0.241864
1.40364e+09,0.23689
1.40364e+09,0.251254
1.40364e+09,0.248411
1.40364e+09,0.237618
1.40364e+09,0.237212
1.40364e+09,0.236162
1.40364e+09,0.235121
1.40364e+09,0.269491
1.40364e+09,0.234816
1.40364e+09,0.258054
1.40364e+09,0.23501
1.40364e+09,0.236089
1.40364e+09,0.237008
1.40364e+09,0.23909
1.40364e+09,0.234336
1.40364e+09,0.258512
1.40364e+09,0.230132
1.40364e+09,0.216434
1.40364e+09,0.254261
1.40364e+09,0.252668
1.40364e+09,0.251033
1.40364e+09,0.24283
1.40364e+09,0.226221
1.40364e+09,0.240323
1.40364e+09,0.23738
1.40364e+09,0.238788
1.40364e+09,0.288493
1.40364e+09,0.255091
1.40364e+09,0.25288
1.40364e+09,0.25487
1.40364e+09,0.253972
1.40364e+09,0.251246
1.40364e+09,0.252096
1.40364e+09,0.252775
1.40364e+09,0.257444
1.40364e+09,0.234924
1.40364e+09,0.225139
1.40364e+09,0.23597
1.40364e+09,0.234947
1.40364e+09,0.235133
1.40364e+09,0.235973
1.40364e+09,0.218317
1.40364e+09,0.218368
1.40364e+09,0.236057
1.40364e+09,0.244753
1.40364e+09,0.224726
1.40364e+09,0.25669
1.40364e+09,0.24467
1.40364e+09,0.236855
1.40364e+09,0.229424
1.40364e+09,0.235852
1.40364e+09,0.251779
1.40364e+09,0.253887
1.40364e+09,0.22975
1.40364e+09,0.247572
1.40364e+09,0.249372
1.40364e+09,0.231572
1.40364e+09,0.256812
1.40364e+09,0.230459
1.40364e+09,0.223526
1.40364e+09,0.259567
1.40364e+09,0.228831
1.40364e+09,0.240317
1.40364e+09,0.251757
1.40364e+09,0.25215
1.40364e+09,0.227934
1.40364e+09,0.252679
1.40364e+09,0.209607
1.40364e+09,0.231049
1.40364e+09,0.229938
1.40364e+09,0.236509
1.40364e+09,0.22784
1.40364e+09,0.225819
1.40364e+09,0.259924
1.40364e+09,0.233106
1.40364e+09,0.241133
1.40364e+09,0.226365
1.40364e+09,0.244219
1.40364e+09,0.231131
1.40364e+09,0.258702
1.40364e+09,0.234642
1.40364e+09,0.232952
1.40364e+09,0.260361
1.40364e+09,0.261448
1.40364e+09,0.231853
1.40364e+09,0.227078
1.40364e+09,0.24114
1.40364e+09,0.213678
1.40364e+09,0.230133
1.40364e+09,0.234205
1.40364e+09,0.201526
1.40364e+09,0.251265
1.40364e+09,0.251533
1.40364e+09,0.256714
1.40364e+09,0.229243
1.40364e+09,0.22531
1.40364e+09,0.226264
1.40364e+09,0.210056
1.40364e+09,0.227981
1.40364e+09,0.227501
1.40364e+09,0.227382
1.40364e+09,0.242666
1.40364e+09,0.223439
1.40364e+09,0.220272
1.40364e+09,0.228054
1.40364e+09,0.241532
1.40364e+09,0.235878
1.40364e+09,0.221864
1.40364e+09,0.214523
1.40364e+09,0.231887
1.40364e+09,0.24026
1.40364e+09,0.239151
1.40364e+09,0.235279
1.40364e+09,0.243172
1.40364e+09,0.24052
1.40364e+09,0.218094
1.40364e+09,0.234485
1.40364e+09,0.212422
1.40364e+09,0.246684
1.40364e+09,0.232594
1.40364e+09,0.250612
1.40364e+09,0.247029
1.40364e+09,0.250651
1.40364e+09,0.230516
1.40364e+09,0.226672
1.40364e+09,0.246119
1.40364e+09,0.230705
1.40364e+09,0.235645
1.40364e+09,0.248251
1.40364e+09,0.260441
1.40364e+09,0.245017
1.40364e+09,0.219387
1.40364e+09,0.265126
1.40364e+09,0.232159
1.40364e+09,0.249691
1.40364e+09,0.23369
1.40364e+09,0.236634
1.40364e+09,0.248429
1.40364e+09,0.249365
1.40364e+09,0.235451
1.40364e+09,0.251718
1.40364e+09,0.250712
1.40364e+09,0.226182
1.40364e+09,0.239391
1.40364e+09,0.250459
1.40364e+09,0.240516
1.40364e+09,0.230935
1.40364e+09,0.239665
1.40364e+09,0.264102
1.40364e+09,0.23248
1.40364e+09,0.259356
1.40364e+09,0.26969
1.40364e+09,0.221948
1.40364e+09,0.214664
1.40364e+09,0.239588
1.40364e+09,0.242208
1.40364e+09,0.224818
1.40364e+09,0.230693
1.40364e+09,0.229893
1.40364e+09,0.256608
1.40364e+09,0.223289
1.40364e+09,0.253543
1.40364e+09,0.228739
1.40364e+09,0.250298
1.40364e+09,0.231226
1.40364e+09,0.222383
1.40364e+09,0.220905
1.40364e+09,0.23835
1.40364e+09,0.248454
1.40364e+09,0.228473
1.40364e+09,0.227809
1.40364e+09,0.230372
1.40364e+09,0.271216
1.40364e+09,0.247783
1.40364e+09,0.247182
1.40364e+09,0.225887
1.40364e+09,0.254595
1.40364e+09,0.228531
1.40364e+09,0.228727
1.40364e+09,0.220102
1.40364e+09,0.255502
1.40364e+09,0.251818
1.40364e+09,0.252859
1.40364e+09,0.241182
1.40364e+09,0.244826
1.40364e+09,0.247037
1.40364e+09,0.23823
1.40364e+09,0.250445
1.40364e+09,0.249758
1.40364e+09,0.223793
1.40364e+09,0.239367
1.40364e+09,0.254858
1.40364e+09,0.237738
1.40364e+09,0.231761
1.40364e+09,0.218665
1.40364e+09,0.236507
1.40364e+09,0.238913
1.40364e+09,0.23649
1.40364e+09,0.222864
1.40364e+09,0.238055
1.40364e+09,0.234076
1.40364e+09,0.25534
1.40364e+09,0.250444
1.40364e+09,0.234462
1.40364e+09,0.249071
1.40364e+09,0.254858
1.40364e+09,0.255303
1.40364e+09,0.216443
1.40364e+09,0.216081
1.40364e+09,0.238187
1.40364e+09,0.231322
1.40364e+09,0.240828
1.40364e+09,0.259312
1.40364e+09,0.253391
1.40364e+09,0.221418
1.40364e+09,0.242322
1.40364e+09,0.223854
1.40364e+09,0.225244
1.40364e+09,0.219147
1.40364e+09,0.221621
1.40364e+09,0.220355
1.40364e+09,0.212768
1.40364e+09,0.251406
1.40364e+09,0.23497
1.40364e+09,0.223672
1.40364e+09,0.237123
1.40364e+09,0.223324
1.40364e+09,0.253288
1.40364e+09,0.225465
1.40364e+09,0.251449
1.40364e+09,0.260517
1.40364e+09,0.247915
1.40364e+09,0.233804
1.40364e+09,0.221197
1.40364e+09,0.233604
1.40364e+09,0.229428
1.40364e+09,0.231569
1.40364e+09,0.215859
1.40364e+09,0.226753
1.40364e+09,0.224437
1.40364e+09,0.232775
1.40364e+09,0.2338
1.40364e+09,0.234948
1.40364e+09,0.229495
1.40364e+09,0.221209
1.40364e+09,0.223049
1.40364e+09,0.235943
1.40364e+09,0.237853
1.40364e+09,0.239914
1.40364e+09,0.227154
1.40364e+09,0.22269
1.40364e+09,0.216724
1.40364e+09,0.218547
1.40364e+09,0.212747
1.40364e+09,0.247305
1.40364e+09,0.227939
1.40364e+09,0.244312
1.40364e+09,0.240109
1.40364e+09,0.239276
1.40364e+09,0.268105
1.40364e+09,0.234219
1.40364e+09,0.231244
1.40364e+09,0.212907
1.40364e+09,0.253247
1.40364e+09,0.206865
1.40364e+09,0.220307
1.40364e+09,0.226078
1.40364e+09,0.227128
1.40364e+09,0.2179
1.40364e+09,0.23573
1.40364e+09,0.218641
1.40364e+09,0.220727
1.40364e+09,0.226982
1.40364e+09,0.234469
1.40364e+09,0.228159
1.40364e+09,0.234095
1.40364e+09,0.253649
1.40364e+09,0.241411
1.40364e+09,0.238902
1.40364e+09,0.255197
1.40364e+09,0.214493
1.40364e+09,0.210604
1.40364e+09,0.231961
1.40364e+09,0.232308
1.40364e+09,0.212071
1.40364e+09,0.228741
1.40364e+09,0.211375
1.40364e+09,0.227191
1.40364e+09,0.210632
1.40364e+09,0.251531
1.40364e+09,0.233129
1.40364e+09,0.218062
1.40364e+09,0.232957
1.40364e+09,0.233404
1.40364e+09,0.22112
1.40364e+09,0.231422
1.40364e+09,0.212071
1.40364e+09,0.23259
1.40364e+09,0.229875
1.40364e+09,0.203502
1.40364e+09,0.230097
1.40364e+09,0.225558
1.40364e+09,0.198319
1.40364e+09,0.215268
1.40364e+09,0.230784
1.40364e+09,0.232345
1.40364e+09,0.230097
1.40364e+09,0.215026
1.40364e+09,0.229751
1.40364e+09,0.223286
1.40364e+09,0.257145
1.40364e+09,0.26325
1.40364e+09,0.252374
1.40364e+09,0.252852
1.40364e+09,0.227738
1.40364e+09,0.218815
1.40364e+09,0.242264
1.40364e+09,0.2346
1.40364e+09,0.249746
1.40364e+09,0.246824
1.40364e+09,0.222373
1.40364e+09,0.234622
1.40364e+09,0.239633
1.40364e+09,0.241075
1.40364e+09,0.20691
1.40364e+09,0.217608
1.40364e+09,0.225814
1.40364e+09,0.235488
1.40364e+09,0.225326
1.40364e+09,0.222985
1.40364e+09,0.220056
1.40364e+09,0.228136
1.40364e+09,0.229867
1.40364e+09,0.225895
1.40364e+09,0.239652
1.40364e+09,0.241148
1.40364e+09,0.216293
1.40364e+09,0.211248
1.40364e+09,0.221519
1.40364e+09,0.236494
1.40364e+09,0.255347
1.40364e+09,0.250007
1.40364e+09,0.220484
1.40364e+09,0.235536
1.40364e+09,0.255668
1.40364e+09,0.23768
1.40364e+09,0.251899
1.40364e+09,0.236175
1.40364e+09,0.220894
1.40364e+09,0.235154
1.40364e+09,0.255793
1.40364e+09,0.227783
1.40364e+09,0.205078
1.40364e+09,0.221764
1.40364e+09,0.243568
1.40364e+09,0.23118
1.40364e+09,0.237076
1.40364e+09,0.255047
1.40364e+09,0.273297
1.40364e+09,0.233055
1.40364e+09,0.245151
1.40364e+09,0.257776
1.40364e+09,0.239809
1.40364e+09,0.244282
1.40364e+09,0.246941
1.40364e+09,0.241065
1.40364e+09,0.241438
1.40364e+09,0.242808
1.40364e+09,0.240688
1.40364e+09,0.259557
1.40364e+09,0.251402
1.40364e+09,0.256213
1.40364e+09,0.236737
1.40364e+09,0.277555
1.40364e+09,0.266008
1.40364e+09,0.249462
1.40364e+09,0.27933
1.40364e+09,0.283039
1.40364e+09,0.255136
1.40364e+09,0.277587
1.40364e+09,0.263489
1.40364e+09,0.256502
1.40364e+09,0.259172
1.40364e+09,0.290928
1.40364e+09,0.282632
1.40364e+09,0.283006
1.40364e+09,0.278902
1.40364e+09,0.324174
1.40364e+09,0.249962
1.40364e+09,0.276203
1.40364e+09,0.276353
1.40364e+09,0.291022
1.40364e+09,0.261353
1.40364e+09,0.264584
1.40364e+09,0.409113
1.40364e+09,0.272233
1.40364e+09,0.277223
1.40364e+09,0.252999
1.40364e+09,0.292318
1.40364e+09,0.290192
1.40364e+09,0.261457
1.40364e+09,0.281506
1.40364e+09,0.265743
1.40364e+09,0.248633
1.40364e+09,0.273577
1.40364e+09,0.278866
1.40364e+09,0.281991
1.40364e+09,0.301213
1.40364e+09,0.296548
1.40364e+09,0.291149
1.40364e+09,0.419399
1.40364e+09,0.278734
1.40364e+09,0.271538
1.40364e+09,0.272151
1.40364e+09,0.266535
1.40364e+09,0.273023
1.40364e+09,0.279894
1.40364e+09,0.279143
1.40364e+09,0.288911
1.40364e+09,0.290137
1.40364e+09,0.305761
1.40364e+09,0.284727
1.40364e+09,0.276111
1.40364e+09,0.277534
1.40364e+09,0.280466
1.40364e+09,0.288521
1.40364e+09,0.265824
1.40364e+09,0.26102
1.40364e+09,0.284518
1.40364e+09,0.264291
1.40364e+09,0.260422
1.40364e+09,0.267051
1.40364e+09,0.248711
1.40364e+09,0.244892
1.40364e+09,0.248803
1.40364e+09,0.25251
1.40364e+09,0.249537
1.40364e+09,0.269354
1.40364e+09,0.249619
1.40364e+09,0.27791
1.40364e+09,0.283382
1.40364e+09,0.27961
1.40364e+09,0.285663
1.40364e+09,0.286175
1.40364e+09,0.290608
1.40364e+09,0.256329
1.40364e+09,0.288329
1.40364e+09,0.258819
1.40364e+09,0.257016
1.40364e+09,0.29823
1.40364e+09,0.280651
1.40364e+09,0.283312
1.40364e+09,0.297576
1.40364e+09,0.293602
1.40364e+09,0.37841
1.40364e+09,0.258564
1.40364e+09,0.263409
1.40364e+09,0.297535
1.40364e+09,0.293794
1.40364e+09,0.293436
1.40364e+09,0.360961
1.40364e+09,0.252461
1.40364e+09,0.255222
1.40364e+09,0.249357
1.40364e+09,0.251953
1.40364e+09,0.252178
1.40364e+09,0.288622
1.40364e+09,0.245221
1.40364e+09,0.28152
1.40364e+09,0.302047
1.40364e+09,0.266344
1.40364e+09,0.270701
1.40364e+09,0.2519
1.40364e+09,0.253778
1.40364e+09,0.258656
1.40364e+09,0.291741
1.40364e+09,0.32735
1.40364e+09,0.251728
1.40364e+09,0.255602
1.40364e+09,0.253171
1.40364e+09,0.264504
1.40364e+09,0.247718
1.40364e+09,0.246004
1.40364e+09,0.273345
1.40364e+09,0.286798
1.40364e+09,0.299164
1.40364e+09,0.328896
1.40364e+09,0.298837
1.40364e+09,0.354913
1.40364e+09,0.252086
1.40364e+09,0.247553
1.40364e+09,0.251542
1.40364e+09,0.254701
1.40364e+09,0.264971
1.40364e+09,0.261893
1.40364e+09,0.273566
1.40364e+09,0.273465
1.40364e+09,0.275479
1.40364e+09,0.27225
1.40364e+09,0.253991
1.40364e+09,0.299371
1.40364e+09,0.286567
1.40364e+09,0.261753
1.40364e+09,0.268429
1.40364e+09,0.293044
1.40364e+09,0.285805
1.40364e+09,0.293767
1.40364e+09,0.264438
1.40364e+09,0.294054
1.40364e+09,0.27808
1.40364e+09,0.263802
1.40364e+09,0.273259
1.40364e+09,0.28088
1.40364e+09,0.278783
1.40364e+09,0.272752
1.40364e+09,0.266612
1.40364e+09,0.261794
1.40364e+09,0.260921
1.40364e+09,0.27452
1.40364e+09,0.273511
1.40364e+09,0.273494
1.40364e+09,0.269261
1.40364e+09,0.279851
1.40364e+09,0.304318
1.40364e+09,0.249012
1.40364e+09,0.261819
1.40364e+09,0.262237
1.40364e+09,0.277035
1.40364e+09,0.273943
1.40364e+09,0.275948
1.40364e+09,0.26757
1.40364e+09,0.265392
1.40364e+09,0.268208
1.40364e+09,0.273819
1.40364e+09,0.27277
1.40364e+09,0.271461
1.40364e+09,0.266387
1.40364e+09,0.264251
1.40364e+09,0.267368
1.40364e+09,0.27135
1.40364e+09,0.26438
1.40364e+09,0.267141
1.40364e+09,0.282242
1.40364e+09,0.256314
1.40364e+09,0.261418
1.40364e+09,0.26429
1.40364e+09,0.263104
1.40364e+09,0.262657
1.40364e+09,0.261003
1.40364e+09,0.257446
1.40364e+09,0.255058
1.40364e+09,0.256634
1.40364e+09,0.258392
1.40364e+09,0.261024
1.40364e+09,0.261569
1.40364e+09,0.261399
1.40364e+09,0.258848
1.40364e+09,0.287156
1.40364e+09,0.258877
1.40364e+09,0.262526
1.40364e+09,0.258858
1.40364e+09,0.264735
1.40364e+09,0.266114
1.40364e+09,0.264935
1.40364e+09,0.264833
1.40364e+09,0.261285
1.40364e+09,0.257412
1.40364e+09,0.256052
1.40364e+09,0.255562
1.40364e+09,0.247366
1.40364e+09,0.252064
1.40364e+09,0.312903
1.40364e+09,0.262415
1.40364e+09,0.248166
1.40364e+09,0.24714
1.40364e+09,0.336102
1.40364e+09,0.242306
1.40364e+09,0.278795
1.40364e+09,0.243414
1.40364e+09,0.289867
1.40364e+09,0.244488
1.40364e+09,0.321462
1.40364e+09,0.276141
1.40364e+09,0.337043
1.40364e+09,0.236806
1.40364e+09,0.265928
1.40364e+09,0.238444
1.40364e+09,0.250615
1.40364e+09,0.248179
1.40364e+09,0.241352
1.40364e+09,0.241899
1.40364e+09,0.352397
1.40364e+09,0.240396
1.40364e+09,0.252168
1.40364e+09,0.257037
1.40364e+09,0.254947
1.40364e+09,0.262875
1.40364e+09,0.259394
1.40364e+09,0.255784
1.40364e+09,0.252663
1.40364e+09,0.250716
1.40364e+09,0.227102
1.40364e+09,0.232362
1.40364e+09,0.255691
1.40364e+09,0.258764
1.40364e+09,0.25399
1.40364e+09,0.253223
1.40364e+09,0.253381
1.40364e+09,0.243994
1.40364e+09,0.239446
1.40364e+09,0.236878
1.40364e+09,0.244154
1.40364e+09,0.240028
1.40364e+09,0.239214
1.40364e+09,0.243553
1.40364e+09,0.239595
1.40364e+09,0.26753
1.40364e+09,0.241136
1.40364e+09,0.39093
1.40364e+09,0.255115
1.40364e+09,0.263378
1.40364e+09,0.241085
1.40364e+09,0.279697
1.40364e+09,0.282087
1.40364e+09,0.283905
1.40364e+09,0.282151
1.40364e+09,0.421246
1.40364e+09,0.267127
1.40364e+09,0.292224
1.40364e+09,0.267689
1.40364e+09,0.279468
1.40364e+09,0.27256
1.40364e+09,0.244526
1.40364e+09,0.269567
1.40364e+09,0.244935
1.40364e+09,0.243214
1.40364e+09,0.261054
1.40364e+09,0.250086
1.40364e+09,0.239881
1.40364e+09,0.242377
1.40364e+09,0.271961
1.40364e+09,0.277394
1.40364e+09,0.274157
1.40364e+09,0.280238
1.40364e+09,0.245151
1.40364e+09,0.26488
1.40364e+09,0.26505
1.40364e+09,0.235498
1.40364e+09,0.237575
1.40364e+09,0.239164
1.40364e+09,0.240209
1.40364e+09,0.264449
1.40364e+09,0.265671
1.40364e+09,0.257251
1.40364e+09,0.266958
1.40364e+09,0.264233
1.40364e+09,0.255862
1.40364e+09,0.249361
1.40364e+09,0.251201
1.40364e+09,0.300861
1.40364e+09,0.256805
1.40364e+09,0.240311
1.40364e+09,0.238252
1.40364e+09,0.235723
1.40364e+09,0.24839
1.40364e+09,0.239848
1.40364e+09,0.235609
1.40364e+09,0.250223
1.40364e+09,0.257065
1.40364e+09,0.240595
1.40364e+09,0.272458
1.40364e+09,0.227899
1.40364e+09,0.240201
1.40364e+09,0.270061
1.40364e+09,0.340806
1.40364e+09,0.251081
1.40364e+09,0.258455
1.40364e+09,0.264714
1.40364e+09,0.28102
1.40364e+09,0.278036
1.40364e+09,0.283304
1.40364e+09,0.281595
1.40364e+09,0.25967
1.40364e+09,0.269543
1.40364e+09,0.252179
1.40364e+09,0.257803
1.40364e+09,0.250102
1.40364e+09,0.26226
1.40364e+09,0.263453
1.40364e+09,0.235616
1.40364e+09,0.250255
1.40364e+09,0.251649
1.40364e+09,0.263123
1.40364e+09,0.270726
1.40364e+09,0.275968
1.40364e+09,0.240934
1.40364e+09,0.283769
1.40364e+09,0.277111
1.40364e+09,0.255562
1.40364e+09,0.277437
1.40364e+09,0.2956
1.40364e+09,0.293593
1.40364e+09,0.292353
1.40364e+09,0.403904
1.40364e+09,0.26189
1.40364e+09,0.283806
1.40364e+09,0.287401
1.40364e+09,0.296879
1.40364e+09,0.304617
1.40364e+09,0.303887
1.40364e+09,0.304601
1.40364e+09,0.334476
1.40364e+09,0.272475
1.40364e+09,0.29394
1.40364e+09,0.295018
1.40364e+09,0.322893
1.40364e+09,0.305542
1.40364e+09,0.301929
1.40364e+09,0.299668
1.40364e+09,0.424594
1.40364e+09,0.273238
1.40364e+09,0.29276
1.40364e+09,0.292794
1.40364e+09,0.307334
1.40364e+09,0.301117
1.40364e+09,0.307419
1.40364e+09,0.30447
1.40364e+09,0.36393
1.40364e+09,0.291651
1.40364e+09,0.296458
1.40364e+09,0.318024
1.40364e+09,0.313539
1.40364e+09,0.293946
1.40364e+09,0.271859
1.40364e+09,0.269934
1.40364e+09,0.29371
1.40364e+09,0.276127
1.40364e+09,0.290606
1.40364e+09,0.266498
1.40364e+09,0.301492
1.40364e+09,0.275286
1.40364e+09,0.302308
1.40364e+09,0.269597
1.40364e+09,0.298378
1.40364e+09,0.259888
1.40364e+09,0.267159
1.40364e+09,0.268117
1.40364e+09,0.320682
1.40364e+09,0.26052
1.40364e+09,0.2937
1.40364e+09,0.261938
1.40364e+09,0.276748
1.40364e+09,0.253726
1.40364e+09,0.260415
1.40364e+09,0.257005
1.40364e+09,0.262294
1.40364e+09,0.26309
1.40364e+09,0.260834
1.40364e+09,0.258426
1.40364e+09,0.251929
1.40364e+09,0.253839
1.40364e+09,0.260333
1.40364e+09,0.244311
1.40364e+09,0.247889
1.40364e+09,0.246715
1.40364e+09,0.261374
1.40364e+09,0.250742
1.40364e+09,0.250515
1.40364e+09,0.254704
1.40364e+09,0.282901
1.40364e+09,0.327299
1.40364e+09,0.263157
1.40364e+09,0.270425
1.40364e+09,0.271582
1.40364e+09,0.280992
1.40364e+09,0.279353
1.40364e+09,0.282498
1.40364e+09,0.350536
1.40364e+09,0.261663
1.40364e+09,0.249396
1.40364e+09,0.250221
1.40364e+09,0.251377
1.40364e+09,0.249494
1.40364e+09,0.287177
1.40364e+09,0.238551
1.40364e+09,0.239058
1.40364e+09,0.27345
1.40364e+09,0.275681
1.40364e+09,0.278229
1.40364e+09,0.276957
1.40364e+09,0.279179
1.40364e+09,0.371227
1.40364e+09,0.234452
1.40364e+09,0.264032
1.40364e+09,0.266585
1.40364e+09,0.272607
1.40364e+09,0.271208
1.40364e+09,0.274726
1.40364e+09,0.358085
1.40364e+09,0.263257
1.40364e+09,0.243049
1.40364e+09,0.237365
1.40364e+09,0.295902
1.40364e+09,0.248222
1.40364e+09,0.246485
1.40364e+09,0.244727
1.40364e+09,0.242071
1.40364e+09,0.243579
1.40364e+09,0.26457
1.40364e+09,0.245053
1.40364e+09,0.24557
1.40364e+09,0.251291
1.40364e+09,0.247675
1.40364e+09,0.245503
1.40364e+09,0.248293
1.40364e+09,0.244445
1.40364e+09,0.240229
1.40364e+09,0.271329
1.40364e+09,0.259122
1.40364e+09,0.263262
1.40364e+09,0.27506
1.40364e+09,0.271506
1.40364e+09,0.268401
1.40364e+09,0.269645
1.40364e+09,0.264933
1.40364e+09,0.267199
1.40364e+09,0.235241
1.40364e+09,0.240605
1.40364e+09,0.237255
1.40364e+09,0.273035
1.40364e+09,0.242729
1.40364e+09,0.270701
1.40364e+09,0.239937
1.40364e+09,0.233964
1.40364e+09,0.258023
1.40364e+09,0.241289
1.40364e+09,0.257773
1.40364e+09,0.261056
1.40364e+09,0.272948
1.40364e+09,0.269906
1.40364e+09,0.268596
1.40364e+09,0.267476
1.40364e+09,0.303002
1.40364e+09,0.255907
1.40364e+09,0.260074
1.40364e+09,0.272575
1.40364e+09,0.271062
1.40364e+09,0.273218
1.40364e+09,0.264969
1.40364e+09,0.26826
1.40364e+09,0.272563
1.40364e+09,0.286687
1.40364e+09,0.28274
1.40364e+09,0.298253
1.40364e+09,0.292117
1.40364e+09,0.281893
1.40364e+09,0.267576
1.40364e+09,0.262587
1.40364e+09,0.251288
1.40364e+09,0.246645
1.40364e+09,0.246821
1.40364e+09,0.246643
1.40364e+09,0.28426
1.40364e+09,0.275146
1.40364e+09,0.282946
1.40364e+09,0.266216
1.40364e+09,0.263604
1.40364e+09,0.269846
1.40364e+09,0.280284
1.40364e+09,0.279037
1.40364e+09,0.265413
1.40364e+09,0.251513
1.40364e+09,0.38287
1.40364e+09,0.284195
1.40364e+09,0.273637
1.40364e+09,0.250072
1.40364e+09,0.255279
1.40364e+09,0.257626
1.40364e+09,0.25258
1.40364e+09,0.277092
1.40364e+09,0.252763
1.40364e+09,0.292705
1.40364e+09,0.292289
1.40364e+09,0.288606
1.40364e+09,0.322109
1.40364e+09,0.280677
1.40364e+09,0.293154
1.40364e+09,0.284985
1.40364e+09,0.268341
1.40364e+09,0.355973
1.40364e+09,0.257857
1.40364e+09,0.256865
1.40364e+09,0.2552
1.40364e+09,0.25505
1.40364e+09,0.254081
1.40364e+09,0.257497
1.40364e+09,0.253504
1.40364e+09,0.274645
1.40364e+09,0.295717
1.40364e+09,0.309081
1.40364e+09,0.267327
1.40364e+09,0.267251
1.40364e+09,0.394899
1.40364e+09,0.266347
1.40364e+09,0.269574
1.40364e+09,0.264885
1.40364e+09,0.268847
1.40364e+09,0.265443
1.40364e+09,0.26306
1.40364e+09,0.257521
1.40364e+09,0.359891
1.40364e+09,0.246506
1.40364e+09,0.250108
1.40364e+09,0.254459
1.40364e+09,0.25442
1.40364e+09,0.252379
1.40364e+09,0.366652
1.40364e+09,0.265588
1.40364e+09,0.262735
1.40364e+09,0.284893
1.40364e+09,0.252808
1.40364e+09,0.258424
1.40364e+09,0.236341
1.40364e+09,0.250375
1.40364e+09,0.271988
1.40364e+09,0.242307
1.40364e+09,0.245367
1.40364e+09,0.246477
1.40364e+09,0.309808
1.40364e+09,0.245806
1.40364e+09,0.265308
1.40364e+09,0.245534
1.40364e+09,0.249412
1.40364e+09,0.262741
1.40364e+09,0.257014
1.40364e+09,0.275668
1.40364e+09,0.243665
1.40364e+09,0.24931
1.40364e+09,0.253587
1.40364e+09,0.259814
1.40364e+09,0.299676
1.40364e+09,0.286033
1.40364e+09,0.283562
1.40364e+09,0.299483
1.40364e+09,0.302758
1.40364e+09,0.334265
1.40364e+09,0.257804
1.40364e+09,0.252323
1.40364e+09,0.256834
1.40364e+09,0.249914
1.40364e+09,0.248472
1.40364e+09,0.245889
1.40364e+09,0.316415
1.40364e+09,0.251086
1.40364e+09,0.275141
1.40364e+09,0.258687
1.40364e+09,0.245473
1.40364e+09,0.246892
1.40364e+09,0.244427
1.40364e+09,0.25199
1.40364e+09,0.26288
1.40364e+09,0.268497
1.40364e+09,0.269539
1.40364e+09,0.270047
1.40364e+09,0.289599
1.40364e+09,0.240461
1.40364e+09,0.263487
1.40364e+09,0.274992
1.40364e+09,0.278231
1.40364e+09,0.283377
1.40364e+09,0.30013
1.40364e+09,0.257405
1.40364e+09,0.265343
1.40364e+09,0.267079
1.40364e+09,0.278798
1.40364e+09,0.260407
1.40364e+09,0.242153
1.40364e+09,0.228913
1.40364e+09,0.227064
1.40364e+09,0.229668
1.40364e+09,0.263575
1.40364e+09,0.22635
1.40364e+09,0.219736
1.40364e+09,0.249186
1.40364e+09,0.225392
1.40364e+09,0.242849
1.40364e+09,0.251196
1.40364e+09,0.249975
1.40364e+09,0.25436
1.40364e+09,0.235506
1.40364e+09,0.239933
1.40364e+09,0.250669
1.40364e+09,0.271019
1.40364e+09,0.314788
1.40364e+09,0.221419
1.40364e+09,0.220015
1.40364e+09,0.224539
1.40364e+09,0.258967
1.40364e+09,0.253602
1.40364e+09,0.246977
1.40364e+09,0.250011
1.40364e+09,0.256593
1.40364e+09,0.258434
1.40364e+09,0.264505
1.40364e+09,0.250986
1.40364e+09,0.265894
1.40364e+09,0.26801
1.40364e+09,0.259132
1.40364e+09,0.240254
1.40364e+09,0.285629
1.40364e+09,0.246846
1.40364e+09,0.254313
1.40364e+09,0.253982
1.40364e+09,0.257877
1.40364e+09,0.25635
1.40364e+09,0.259181
1.40364e+09,0.331858
1.40364e+09,0.236448
1.40364e+09,0.233341
1.40364e+09,0.260041
1.40364e+09,0.258473
1.40364e+09,0.255578
1.40364e+09,0.355119
1.40364e+09,0.241282
1.40364e+09,0.245678
1.40364e+09,0.226482
1.40364e+09,0.280047
1.40364e+09,0.261103
1.40364e+09,0.25101
1.40364e+09,0.233846
1.40364e+09,0.223922
1.40364e+09,0.255414
1.40364e+09,0.231461
1.40364e+09,0.234588
1.40364e+09,0.251002
1.40364e+09,0.267867
1.40364e+09,0.246661
1.40364e+09,0.270671
1.40364e+09,0.224528
1.40364e+09,0.218891
1.40364e+09,0.230846
1.40364e+09,0.224045
1.40364e+09,0.226333
1.40364e+09,0.216885
1.40364e+09,0.208562
1.40364e+09,0.20459
1.40364e+09,0.218729
1.40364e+09,0.209899
1.40364e+09,0.239328
1.40364e+09,0.237651
1.40364e+09,0.241242
1.40364e+09,0.248904
1.40364e+09,0.248627
1.40364e+09,0.245479
1.40364e+09,0.231531
1.40364e+09,0.247842
1.40364e+09,0.245987
1.40364e+09,0.247733
1.40364e+09,0.214943
1.40364e+09,0.219749
1.40364e+09,0.226246
1.40364e+09,0.224526
1.40364e+09,0.224097
1.40364e+09,0.220818
1.40364e+09,0.252185
1.40364e+09,0.266603
1.40364e+09,0.267008
1.40364e+09,0.315837
1.40364e+09,0.252407
1.40364e+09,0.245078
1.40364e+09,0.256928
1.40364e+09,0.26083
1.40364e+09,0.218568
1.40364e+09,0.247648
1.40364e+09,0.217932
1.40364e+09,0.223546
1.40364e+09,0.230108
1.40364e+09,0.237808
1.40364e+09,0.268927
1.40364e+09,0.253281
1.40364e+09,0.243788
1.40364e+09,0.25773
1.40364e+09,0.257995
1.40364e+09,0.222145
1.40364e+09,0.219786
1.40364e+09,0.306658
1.40364e+09,0.231301
1.40364e+09,0.237842
1.40364e+09,0.237452
1.40364e+09,0.239604
1.40364e+09,0.242906
1.40364e+09,0.238616
1.40364e+09,0.239003
1.40364e+09,0.23294
1.40364e+09,0.233793
1.40364e+09,0.237651
1.40364e+09,0.239888
1.40364e+09,0.227197
1.40364e+09,0.224529
1.40364e+09,0.23439
1.40364e+09,0.230169
1.40364e+09,0.229769
1.40364e+09,0.240275
1.40364e+09,0.238225
1.40364e+09,0.238726
1.40364e+09,0.25114
1.40364e+09,0.245141
1.40364e+09,0.229014
1.40364e+09,0.240431
1.40364e+09,0.222351
1.40364e+09,0.242242
1.40364e+09,0.240689
1.40364e+09,0.235996
1.40364e+09,0.241343
1.40364e+09,0.223722
1.40364e+09,0.238879
1.40364e+09,0.23259
1.40364e+09,0.25046
1.40364e+09,0.273227
1.40364e+09,0.231488
1.40364e+09,0.25656
1.40364e+09,0.311054
1.40364e+09,0.228079
1.40364e+09,0.227587
1.40364e+09,0.263246
1.40364e+09,0.254109
1.40364e+09,0.250491
1.40364e+09,0.249578
1.40364e+09,0.254029
1.40364e+09,0.250023
1.40364e+09,0.244054
1.40364e+09,0.240847
1.40364e+09,0.24256
1.40364e+09,0.249655
1.40364e+09,0.243459
1.40364e+09,0.238109
1.40364e+09,0.23681
1.40364e+09,0.235207
1.40364e+09,0.237116
1.40364e+09,0.234964
1.40364e+09,0.258832
1.40364e+09,0.254335
1.40364e+09,0.243353
1.40364e+09,0.237915
1.40364e+09,0.249068
1.40364e+09,0.249201
1.40364e+09,0.223039
1.40364e+09,0.219566
1.40364e+09,0.218311
1.40364e+09,0.283991
1.40364e+09,0.245157
1.40364e+09,0.251647
1.40364e+09,0.224906
1.40364e+09,0.231987
1.40364e+09,0.223796
1.40364e+09,0.222569
1.40364e+09,0.222416
1.40364e+09,0.282798
1.40364e+09,0.213886
1.40364e+09,0.216103
1.40364e+09,0.2137
1.40364e+09,0.218245
1.40364e+09,0.216392
1.40364e+09,0.215897
1.40364e+09,0.225753
1.40364e+09,0.228613
1.40364e+09,0.242826
1.40364e+09,0.226413
1.40364e+09,0.231799
1.40364e+09,0.23393
1.40364e+09,0.248898
1.40364e+09,0.25757
1.40364e+09,0.256429
1.40364e+09,0.254066
1.40364e+09,0.237268
1.40364e+09,0.222158
1.40364e+09,0.221431
1.40364e+09,0.226321
1.40364e+09,0.249868
1.40364e+09,0.235259
1.40364e+09,0.256468
1.40364e+09,0.239131
1.40364e+09,0.253995
1.40364e+09,0.231323
1.40364e+09,0.34503
1.40364e+09,0.22116
1.40364e+09,0.248633
1.40364e+09,0.248916
1.40364e+09,0.260087
1.40364e+09,0.258518
1.40364e+09,0.258353
1.40364e+09,0.254916
1.40364e+09,0.395839
1.40364e+09,0.234585
1.40364e+09,0.231893
1.40364e+09,0.235563
1.40364e+09,0.255979
1.40364e+09,0.260202
1.40364e+09,0.259814
1.40364e+09,0.260419
1.40364e+09,0.261999
1.40364e+09,0.295468
1.40364e+09,0.243539
1.40364e+09,0.229988
1.40364e+09,0.235124
1.40364e+09,0.237396
1.40364e+09,0.264187
1.40364e+09,0.239665
1.40364e+09,0.243338
1.40364e+09,0.239744
1.40364e+09,0.262321
1.40364e+09,0.256239
1.40364e+09,0.299069
1.40364e+09,0.250058
1.40364e+09,0.26061
1.40364e+09,0.258337
1.40364e+09,0.241098
1.40364e+09,0.245461
1.40364e+09,0.245169
1.40364e+09,0.243947
1.40364e+09,0.253036
1.40364e+09,0.237795
1.40364e+09,0.236288
1.40364e+09,0.392701
1.40364e+09,0.241485
1.40364e+09,0.231148
1.40364e+09,0.231613
1.40364e+09,0.264725
1.40364e+09,0.260275
1.40364e+09,0.253541
1.40364e+09,0.252214
1.40364e+09,0.274082
1.40364e+09,0.273438
1.40364e+09,0.446531
1.40364e+09,0.260488
1.40364e+09,0.250111
1.40364e+09,0.267945
1.40364e+09,0.284091
1.40364e+09,0.277832
1.40364e+09,0.283925
1.40364e+09,0.274968
1.40364e+09,0.279199
1.40364e+09,0.251285
1.40364e+09,0.332247
1.40364e+09,0.24945
1.40364e+09,0.229753
1.40364e+09,0.228992
1.40364e+09,0.229305
1.40364e+09,0.23008
1.40364e+09,0.232291
1.40364e+09,0.231802
1.40364e+09,0.233478
1.40364e+09,0.232023
1.40364e+09,0.229299
1.40364e+09,0.229932
1.40364e+09,0.224319
1.40364e+09,0.229009
1.40364e+09,0.238077
1.40364e+09,0.23611
1.40364e+09,0.263732
1.40364e+09,0.239809
1.40364e+09,0.235923
1.40364e+09,0.236876
1.40364e+09,0.235775
1.40364e+09,0.236407
1.40364e+09,0.252763
1.40364e+09,0.230665
1.40364e+09,0.263238
1.40364e+09,0.275911
1.40364e+09,0.277466
1.40364e+09,0.278918
1.40364e+09,0.278349
1.40364e+09,0.377471
1.40364e+09,0.26378
1.40364e+09,0.272777
1.40364e+09,0.2441
1.40364e+09,0.248428
1.40364e+09,0.264003
1.40364e+09,0.232972
1.40364e+09,0.234258
1.40364e+09,0.261593
1.40364e+09,0.239104
1.40364e+09,0.237908
1.40364e+09,0.234898
1.40364e+09,0.23444
1.40364e+09,0.239936
1.40364e+09,0.245906
1.40364e+09,0.274141
1.40364e+09,0.281347
1.40364e+09,0.293681
1.40364e+09,0.301735
1.40364e+09,0.287137
1.40364e+09,0.31809
1.40364e+09,0.296848
1.40364e+09,0.460518
1.40364e+09,0.288336
1.40364e+09,0.27369
1.40364e+09,0.2714
1.40364e+09,0.30102
1.40364e+09,0.30522
1.40364e+09,0.304912
1.40364e+09,0.27349
1.40364e+09,0.262868
1.40364e+09,0.265744
1.40364e+09,0.257476
1.40364e+09,0.389757
1.40364e+09,0.256382
1.40364e+09,0.286321
1.40364e+09,0.271973
1.40364e+09,0.266306
1.40364e+09,0.291034
1.40364e+09,0.275767
1.40364e+09,0.258744
1.40364e+09,0.26553
1.40364e+09,0.267639
1.40364e+09,0.270901
1.40364e+09,0.270654
1.40364e+09,0.271284
1.40364e+09,0.48997
1.40364e+09,0.262973
1.40364e+09,0.259207
1.40364e+09,0.263198
1.40364e+09,0.26427
1.40364e+09,0.264467
1.40364e+09,0.273314
1.40364e+09,0.265213
1.40364e+09,0.276435
1.40364e+09,0.303375
1.40364e+09,0.298288
1.40364e+09,0.282092
1.40364e+09,0.26413
1.40364e+09,0.262394
1.40364e+09,0.25646
1.40364e+09,0.451217
1.40364e+09,0.261782
1.40364e+09,0.260549
1.40364e+09,0.262865
1.40364e+09,0.305435
1.40364e+09,0.282003
1.40364e+09,0.277114
1.40364e+09,0.276457
1.40364e+09,0.325213
1.40364e+09,0.31714
1.40364e+09,0.317274
1.40364e+09,0.419431
1.40364e+09,0.285341
1.40364e+09,0.268419
1.40364e+09,0.268172
1.40364e+09,0.26443
1.40364e+09,0.265617
1.40364e+09,0.268374
1.40364e+09,0.270301
1.40364e+09,0.269114
1.40364e+09,0.269831
1.40364e+09,0.266666
1.40364e+09,0.272819
1.40364e+09,0.269817
1.40364e+09,0.268249
1.40364e+09,0.288548
1.40364e+09,0.28314
1.40364e+09,0.280352
1.40364e+09,0.282979
1.40364e+09,0.282138
1.40364e+09,0.272774
1.40364e+09,0.316624
1.40364e+09,0.316165
1.40364e+09,0.315181
1.40364e+09,0.316016
1.40364e+09,0.319019
1.40364e+09,0.313226
1.40364e+09,0.31287
1.40364e+09,0.531825
1.40364e+09,0.301098
1.40364e+09,0.280371
1.40364e+09,0.283744
1.40364e+09,0.283959
1.40364e+09,0.268397
1.40364e+09,0.302175
1.40364e+09,0.303333
1.40364e+09,0.27497
1.40364e+09,0.26672
1.40364e+09,0.264952
1.40364e+09,0.269612
1.40364e+09,0.264061
1.40364e+09,0.266951
1.40364e+09,0.311286
1.40364e+09,0.254356
1.40364e+09,0.256393
1.40364e+09,0.25702
1.40364e+09,0.284011
1.40364e+09,0.312702
1.40364e+09,0.313754
1.40364e+09,0.316297
1.40364e+09,0.303924
1.40364e+09,0.426088
1.40364e+09,0.317764
1.40364e+09,0.295455
1.40364e+09,0.305422
1.40364e+09,0.305949
1.40364e+09,0.299668
1.40364e+09,0.303444
1.40364e+09,0.300073
1.40364e+09,0.343764
1.40364e+09,0.276229
1.40364e+09,0.295377
1.40364e+09,0.306222
1.40364e+09,0.309818
1.40364e+09,0.301118
1.40364e+09,0.306659
1.40364e+09,0.31593
1.40364e+09,0.43355
1.40364e+09,0.285143
1.40364e+09,0.266853
1.40364e+09,0.290084
1.40364e+09,0.27806
1.40364e+09,0.288638
1.40364e+09,0.277639
1.40364e+09,0.280129
1.40364e+09,0.459771
1.40364e+09,0.260482
1.40364e+09,0.258311
1.40364e+09,0.296131
1.40364e+09,0.310007
1.40364e+09,0.290934
1.40364e+09,0.303301
1.40364e+09,0.3009
1.40364e+09,0.299984
1.40364e+09,0.465427
1.40364e+09,0.270747
1.40364e+09,0.253669
1.40364e+09,0.284143
1.40364e+09,0.298067
1.40364e+09,0.293686
1.40364e+09,0.297242
1.40364e+09,0.296247
1.40364e+09,0.335529
1.40364e+09,0.264111
1.40364e+09,0.278195
1.40364e+09,0.279591
1.40364e+09,0.252102
1.40364e+09,0.264636
1.40364e+09,0.258813
1.40364e+09,0.241401
1.40364e+09,0.340756
1.40364e+09,0.242712
1.40364e+09,0.272189
1.40364e+09,0.274339
1.40364e+09,0.268735
1.40364e+09,0.237638
1.40364e+09,0.276898
1.40364e+09,0.231613
1.40364e+09,0.253679
1.40364e+09,0.244032
1.40364e+09,0.235127
1.40364e+09,0.269083
1.40364e+09,0.237072
1.40364e+09,0.253215
1.40364e+09,0.239945
1.40364e+09,0.28305
1.40364e+09,0.255229
1.40364e+09,0.28477
1.40364e+09,0.276285
1.40364e+09,0.250386
1.40364e+09,0.2565
1.40364e+09,0.267944
1.40364e+09,0.2668
1.40364e+09,0.270523
1.40364e+09,0.285279
1.40364e+09,0.346575
1.40364e+09,0.259209
1.40364e+09,0.266733
1.40364e+09,0.294585
1.40364e+09,0.288656
1.40364e+09,0.268153
1.40364e+09,0.294944
1.40364e+09,0.313504
1.40364e+09,0.296688
1.40364e+09,0.275522
1.40364e+09,0.254681
1.40364e+09,0.295912
1.40364e+09,0.265073
1.40364e+09,0.272345
1.40364e+09,0.255199
1.40364e+09,0.25752
1.40364e+09,0.253645
1.40364e+09,0.295729
1.40364e+09,0.250147
1.40364e+09,0.251066
1.40364e+09,0.253091
1.40364e+09,0.26187
1.40364e+09,0.253504
1.40364e+09,0.244809
1.40364e+09,0.252814
1.40364e+09,0.249045
1.40364e+09,0.255036
1.40364e+09,0.247334
1.40364e+09,0.249289
1.40364e+09,0.245589
1.40364e+09,0.270833
1.40364e+09,0.269492
1.40364e+09,0.2665
1.40364e+09,0.240332
1.40364e+09,0.259715
1.40364e+09,0.277204
1.40364e+09,0.271823
1.40364e+09,0.294174
1.40364e+09,0.258722
1.40364e+09,0.252499
1.40364e+09,0.260782
1.40364e+09,0.255883
1.40364e+09,0.254206
1.40364e+09,0.251571
1.40364e+09,0.239077
1.40364e+09,0.285398
1.40364e+09,0.288798
1.40364e+09,0.280021
1.40364e+09,0.240904
1.40364e+09,0.240047
1.40364e+09,0.276487
1.40364e+09,0.283111
1.40364e+09,0.292636
1.40364e+09,0.290086
1.40364e+09,0.282677
1.40364e+09,0.289012
1.40364e+09,0.285198
1.40364e+09,0.297187
1.40364e+09,0.295533
1.40364e+09,0.307614
1.40364e+09,0.266922
1.40364e+09,0.292133
1.40364e+09,0.298256
1.40364e+09,0.289037
1.40364e+09,0.28271
1.40364e+09,0.253144
1.40364e+09,0.25446
1.40364e+09,0.295061
1.40364e+09,0.296963
1.40364e+09,0.295145
1.40364e+09,0.283966
1.40364e+09,0.284028
1.40364e+09,0.28545
1.40364e+09,0.298781
1.40364e+09,0.298116
1.40364e+09,0.291695
1.40364e+09,0.283179
1.40364e+09,0.25467
1.40364e+09,0.286136
1.40364e+09,0.30332
1.40364e+09,0.266741
1.40364e+09,0.287011
1.40364e+09,0.282457
1.40364e+09,0.27706
1.40364e+09,0.268505
1.40364e+09,0.271121
1.40364e+09,0.268766
1.40364e+09,0.342785
1.40364e+09,0.267877
1.40364e+09,0.276041
1.40364e+09,0.288897
1.40364e+09,0.286002
1.40364e+09,0.298896
1.40364e+09,0.267689
1.40364e+09,0.272777
1.40364e+09,0.294053
1.40364e+09,0.260538
1.40364e+09,0.256016
1.40364e+09,0.2921
1.40364e+09,0.28084
1.40364e+09,0.30577
1.40364e+09,0.307619
1.40364e+09,0.261207
1.40364e+09,0.271792
1.40364e+09,0.265292
1.40364e+09,0.330273
1.40364e+09,0.258463
1.40364e+09,0.260088
1.40364e+09,0.279118
1.40364e+09,0.291721
1.40364e+09,0.298188
1.40364e+09,0.295359
1.40364e+09,0.293234
1.40364e+09,0.285519
1.40364e+09,0.255351
1.40364e+09,0.25362
1.40364e+09,0.437023
1.40364e+09,0.245019
1.40364e+09,0.250002
1.40364e+09,0.252544
1.40364e+09,0.257525
1.40364e+09,0.265793
1.40364e+09,0.27292
1.40364e+09,0.259298
1.40364e+09,0.254099
1.40364e+09,0.28375
1.40364e+09,0.274574
1.40364e+09,0.277353
1.40364e+09,0.27148
1.40364e+09,0.246171
1.40364e+09,0.260513
1.40364e+09,0.260093
1.40364e+09,0.288777
1.40364e+09,0.289933
1.40364e+09,0.293547
1.40364e+09,0.299425
1.40364e+09,0.296673
1.40364e+09,0.290187
1.40364e+09,0.263709
1.40364e+09,0.280569
1.40364e+09,0.304088
1.40364e+09,0.314755
1.40364e+09,0.318091
1.40364e+09,0.265586
1.40364e+09,0.254959
1.40364e+09,0.410674
1.40364e+09,0.251486
1.40364e+09,0.254791
1.40364e+09,0.248414
1.40364e+09,0.293389
1.40364e+09,0.270101
1.40364e+09,0.285731
1.40364e+09,0.280755
1.40364e+09,0.265931
1.40364e+09,0.258774
1.40364e+09,0.255237
1.40364e+09,0.243579
1.40364e+09,0.275052
1.40364e+09,0.249848
1.40364e+09,0.256151
1.40364e+09,0.260622
1.40364e+09,0.258582
1.40364e+09,0.266927
1.40364e+09,0.246238
1.40364e+09,0.308968
1.40364e+09,0.24146
1.40364e+09,0.245627
1.40364e+09,0.250859
1.40364e+09,0.251729
1.40364e+09,0.247899
1.40364e+09,0.248891
1.40364e+09,0.248882
1.40364e+09,0.245523
1.40364e+09,0.259824
1.40364e+09,0.243197
1.40364e+09,0.249274
1.40364e+09,0.253015
1.40364e+09,0.247536
1.40364e+09,0.242111
1.40364e+09,0.250425
1.40364e+09,0.251768
1.40364e+09,0.258085
1.40364e+09,0.262392
1.40364e+09,0.2626
1.40364e+09,0.258675
1.40364e+09,0.2516
1.40364e+09,0.250977
1.40364e+09,0.254632
1.40364e+09,0.261093
1.40364e+09,0.259715
1.40364e+09,0.256451
1.40364e+09,0.259648
1.40364e+09,0.258265
1.40364e+09,0.235597
1.40364e+09,0.248781
1.40364e+09,0.277703
1.40364e+09,0.251502
1.40364e+09,0.248032
1.40364e+09,0.241732
1.40364e+09,0.239993
1.40364e+09,0.281762
1.40364e+09,0.276715
1.40364e+09,0.289393
1.40364e+09,0.292424
1.40364e+09,0.28787
1.40364e+09,0.276171
1.40364e+09,0.274678
1.40364e+09,0.268414
1.40364e+09,0.25558
1.40364e+09,0.250661
1.40364e+09,0.248659
1.40364e+09,0.390509
1.40364e+09,0.238364
1.40364e+09,0.289358
1.40364e+09,0.24866
1.40364e+09,0.239462
1.40364e+09,0.236839
1.40364e+09,0.275072
1.40364e+09,0.238964
1.40364e+09,0.241407
1.40364e+09,0.240722
1.40364e+09,0.23951
1.40364e+09,0.237217
1.40364e+09,0.237424
1.40364e+09,0.240573
1.40364e+09,0.243946
1.40364e+09,0.246902
1.40364e+09,0.256845
1.40364e+09,0.256434
1.40364e+09,0.363969
1.40364e+09,0.267609
1.40364e+09,0.260125
1.40364e+09,0.255556
1.40364e+09,0.261585
1.40364e+09,0.263072
1.40364e+09,0.261831
1.40364e+09,0.252372
1.40364e+09,0.25676
1.40364e+09,0.261472
1.40364e+09,0.265486
1.40364e+09,0.258263
1.40364e+09,0.270539
1.40364e+09,0.270318
1.40364e+09,0.267651
1.40364e+09,0.270648
1.40364e+09,0.286375
1.40364e+09,0.282096
1.40364e+09,0.266795
1.40364e+09,0.349217
1.40364e+09,0.326996
1.40364e+09,0.296769
1.40364e+09,0.301427
1.40364e+09,0.287881
1.40364e+09,0.300747
1.40364e+09,0.290453
1.40364e+09,0.296494
1.40364e+09,0.290509
1.40364e+09,0.339115
1.40364e+09,0.277138
1.40364e+09,0.298032
1.40364e+09,0.350766
1.40364e+09,0.274827
1.40364e+09,0.28475
1.40364e+09,0.28862
1.40364e+09,0.275169
1.40364e+09,0.280116
1.40364e+09,0.280561
1.40364e+09,0.286596
1.40364e+09,0.297168
1.40364e+09,0.324216
1.40364e+09,0.28202
1.40364e+09,0.273665
1.40364e+09,0.282567
1.40364e+09,0.509073
1.40364e+09,0.271725
1.40364e+09,0.306009
1.40364e+09,0.326121
1.40364e+09,0.313441
1.40364e+09,0.29856
1.40364e+09,0.32158
1.40364e+09,0.290685
1.40364e+09,0.291818
1.40364e+09,0.339267
1.40364e+09,0.286978
1.40364e+09,0.33166
1.40364e+09,0.570545
1.40364e+09,0.298404
1.40364e+09,0.304333
1.40364e+09,0.302725
1.40364e+09,0.315472
1.40364e+09,0.344642
1.40364e+09,0.286173
1.40364e+09,0.284207
1.40364e+09,0.28679
1.40364e+09,0.28473
1.40364e+09,0.296347
1.40364e+09,0.2841
1.40364e+09,0.287935
1.40364e+09,0.286878
1.40364e+09,0.278192
1.40364e+09,0.350273
1.40364e+09,0.277194
1.40364e+09,0.274962
1.40364e+09,0.312684
1.40364e+09,0.315861
1.40364e+09,0.317643
1.40364e+09,0.32591
1.40364e+09,0.28477
1.40364e+09,0.283424
1.40364e+09,0.284248
1.40364e+09,0.28771
1.40364e+09,0.290316
1.40364e+09,0.286316
1.40364e+09,0.285836
1.40364e+09,0.284841
1.40364e+09,0.323323
1.40364e+09,0.334379
1.40364e+09,0.314406
1.40364e+09,0.271735
1.40364e+09,0.279381
1.40364e+09,0.312698
1.40364e+09,0.316726
1.40364e+09,0.313963
1.40364e+09,0.327359
1.40364e+09,0.346613
1.40364e+09,0.345386
1.40364e+09,0.343264
1.40364e+09,0.342483
1.40364e+09,0.340773
1.40364e+09,0.34162
1.40364e+09,0.318788
1.40364e+09,0.317839
1.40364e+09,0.310466
1.40364e+09,0.385743
1.40364e+09,0.301679
1.40364e+09,0.314019
1.40364e+09,0.307767
1.40364e+09,0.277061
1.40364e+09,0.278959
1.40364e+09,0.366673
1.40364e+09,0.351531
1.40364e+09,0.357529
1.40364e+09,0.356262
1.40364e+09,0.343498
1.40364e+09,0.294592
1.40364e+09,0.285013
1.40364e+09,0.342462
1.40364e+09,0.347784
1.40364e+09,0.552297
1.40364e+09,0.305506
1.40364e+09,0.280027
1.40364e+09,0.271361
1.40364e+09,0.290825
1.40364e+09,0.309247
1.40364e+09,0.307791
1.40364e+09,0.28771
1.40364e+09,0.330646
1.40364e+09,0.289488
1.40364e+09,0.287837
1.40364e+09,0.336377
1.40364e+09,0.287864
1.40364e+09,0.28683
1.40364e+09,0.302845
1.40364e+09,0.323758
1.40364e+09,0.290714
1.40364e+09,0.28923
1.40364e+09,0.319586
1.40364e+09,0.473066
1.40364e+09,0.324121
1.40364e+09,0.325767
1.40364e+09,0.289679
1.40364e+09,0.325745
1.40364e+09,0.337926
1.40364e+09,0.346631
1.40364e+09,0.349421
1.40364e+09,0.357827
1.40364e+09,0.358777
1.40364e+09,0.355073
1.40364e+09,0.365331
1.40364e+09,0.362536
1.40364e+09,0.346666
1.40364e+09,0.652845
1.40364e+09,0.359041
1.40364e+09,0.359761
1.40364e+09,0.361162
1.40364e+09,0.377519
1.40364e+09,0.370731
1.40364e+09,0.390988
1.40364e+09,0.375672
1.40364e+09,0.374646
1.40364e+09,0.374071
1.40364e+09,0.369116
1.40364e+09,0.333703
1.40364e+09,0.338376
1.40364e+09,0.356569
1.40364e+09,0.309121
1.40364e+09,0.370069
1.40364e+09,0.374065
1.40364e+09,0.362639
1.40364e+09,0.364058
1.40364e+09,0.33221
1.40364e+09,0.382787
1.40364e+09,0.364171
1.40364e+09,0.381426
1.40364e+09,0.360977
1.40364e+09,0.643583
1.40364e+09,0.402535
1.40364e+09,0.356125
1.40364e+09,0.367054
1.40364e+09,0.314992
1.40364e+09,0.320868
1.40364e+09,0.321326
1.40364e+09,0.329455
1.40364e+09,0.334089
1.40364e+09,0.318876
1.40364e+09,0.327116
1.40364e+09,0.320432
1.40364e+09,0.310837
1.40364e+09,0.317228
1.40364e+09,0.327972
1.40364e+09,0.366207
1.40364e+09,0.374441
1.40364e+09,0.38359
1.40364e+09,0.362958
1.40364e+09,0.38218
1.40364e+09,0.368711
1.40364e+09,0.387601
1.40364e+09,0.370291
1.40364e+09,0.296716
1.40364e+09,0.298605
1.40364e+09,0.750795
1.40364e+09,0.314678
1.40364e+09,0.293539
1.40364e+09,0.339771
1.40364e+09,0.322472
1.40364e+09,0.339875
1.40364e+09,0.336713
1.40364e+09,0.340534
1.40364e+09,0.300035
1.40364e+09,0.328335
1.40364e+09,0.296342
1.40364e+09,0.322814
1.40364e+09,0.33741
1.40364e+09,0.320432
1.40364e+09,0.329581
1.40364e+09,0.32263
1.40364e+09,0.33648
1.40364e+09,0.330549
1.40364e+09,0.345976
1.40364e+09,0.290311
1.40364e+09,0.282768
1.40364e+09,0.354047
1.40364e+09,0.27217
1.40364e+09,0.345871
1.40364e+09,0.544358
1.40364e+09,0.271701
1.40364e+09,0.30793
1.40364e+09,0.301904
1.40364e+09,0.319965
1.40364e+09,0.271266
1.40364e+09,0.345981
1.40364e+09,0.322499
1.40364e+09,0.315751
1.40364e+09,0.318894
1.40364e+09,0.314327
1.40364e+09,0.618113
1.40364e+09,0.309522
1.40364e+09,0.311773
1.40364e+09,0.320604
1.40364e+09,0.329473
1.40364e+09,0.330682
1.40364e+09,0.335706
1.40364e+09,0.332048
1.40364e+09,0.333293
1.40364e+09,0.311324
1.40364e+09,0.338567
1.40364e+09,0.339459
1.40364e+09,0.455471
1.40364e+09,0.310587
1.40364e+09,0.275381
1.40364e+09,0.265053
1.40364e+09,0.264841
1.40364e+09,0.293192
1.40364e+09,0.266782
1.40364e+09,0.265364
1.40364e+09,0.267777
1.40364e+09,0.270096
1.40364e+09,0.274002
1.40364e+09,0.273295
1.40364e+09,0.270733
1.40364e+09,0.277704
1.40364e+09,0.28529
1.40364e+09,0.306547
1.40364e+09,0.278352
1.40364e+09,0.273018
1.40364e+09,0.448256
1.40364e+09,0.268854
1.40364e+09,0.306168
1.40364e+09,0.31238
1.40364e+09,0.322993
1.40364e+09,0.314529
1.40364e+09,0.289682
1.40364e+09,0.317736
1.40364e+09,0.29345
1.40364e+09,0.329828
1.40364e+09,0.333037
1.40364e+09,0.425651
1.40364e+09,0.314029
1.40364e+09,0.287437
1.40364e+09,0.295779
1.40364e+09,0.297037
1.40364e+09,0.300957
1.40364e+09,0.290194
1.40364e+09,0.285431
1.40364e+09,0.273276
1.40364e+09,0.288978
1.40364e+09,0.276748
1.40364e+09,0.555519
1.40364e+09,0.308043
1.40364e+09,0.314569
1.40364e+09,0.31883
1.40364e+09,0.327206
1.40364e+09,0.300505
1.40364e+09,0.288254
1.40364e+09,0.287174
1.40364e+09,0.284251
1.40364e+09,0.30238
1.40364e+09,0.290376
1.40364e+09,0.278446
1.40364e+09,0.557354
1.40364e+09,0.270737
1.40364e+09,0.266224
1.40364e+09,0.275752
1.40364e+09,0.274971
1.40364e+09,0.281599
1.40364e+09,0.278123
1.40364e+09,0.302694
1.40364e+09,0.301599
1.40364e+09,0.285836
1.40364e+09,0.337727
1.40364e+09,0.283695
1.40364e+09,0.268102
1.40364e+09,0.39936
1.40364e+09,0.275262
1.40364e+09,0.270283
1.40364e+09,0.301689
1.40364e+09,0.348635
1.40364e+09,0.347398
1.40364e+09,0.348001
1.40364e+09,0.3172
1.40364e+09,0.35904
1.40364e+09,0.338278
1.40364e+09,0.497696
1.40364e+09,0.308668
1.40364e+09,0.313544
1.40364e+09,0.320917
1.40364e+09,0.329924
1.40364e+09,0.330983
1.40364e+09,0.327625
1.40364e+09,0.335345
1.40364e+09,0.338074
1.40364e+09,0.287204
1.40364e+09,0.342285
1.40364e+09,0.452364
1.40364e+09,0.314476
1.40364e+09,0.300182
1.40364e+09,0.288465
1.40364e+09,0.307272
1.40364e+09,0.285927
1.40364e+09,0.284125
1.40364e+09,0.277147
1.40364e+09,0.278445
1.40364e+09,0.339492
1.40364e+09,0.313757
1.40364e+09,0.315031
1.40364e+09,0.316048
1.40364e+09,0.31634
1.40364e+09,0.280282
1.40364e+09,0.419487
1.40364e+09,0.269522
1.40364e+09,0.263089
1.40364e+09,0.258151
1.40364e+09,0.259672
1.40364e+09,0.265931
1.40364e+09,0.271631
1.40364e+09,0.269232
1.40364e+09,0.265404
1.40364e+09,0.263664
1.40364e+09,0.283195
1.40364e+09,0.30564
1.40364e+09,0.2741
1.40364e+09,0.30588
1.40364e+09,0.315157
1.40364e+09,0.279858
1.40364e+09,0.458296
1.40364e+09,0.292266
1.40364e+09,0.30041
1.40364e+09,0.265884
1.40364e+09,0.263097
1.40364e+09,0.278839
1.40364e+09,0.284331
1.40364e+09,0.286676
1.40364e+09,0.287594
1.40364e+09,0.285495
1.40364e+09,0.280528
1.40364e+09,0.291534
1.40364e+09,0.335444
1.40364e+09,0.328412
1.40364e+09,0.55254
1.40364e+09,0.30871
1.40364e+09,0.318406
1.40364e+09,0.336271
1.40364e+09,0.331378
1.40364e+09,0.337912
1.40364e+09,0.330493
1.40364e+09,0.28899
1.40364e+09,0.329561
1.40364e+09,0.319799
1.40364e+09,0.282269
1.40364e+09,0.284974
1.40364e+09,0.419767
1.40364e+09,0.294913
1.40364e+09,0.309972
1.40364e+09,0.275824
1.40364e+09,0.273431
1.40364e+09,0.321028
1.40364e+09,0.332077
1.40364e+09,0.318736
1.40364e+09,0.277941
1.40364e+09,0.332078
1.40364e+09,0.282221
1.40364e+09,0.520612
1.40364e+09,0.310129
1.40364e+09,0.31557
1.40364e+09,0.317653
1.40364e+09,0.274404
1.40364e+09,0.291306
1.40364e+09,0.290698
1.40364e+09,0.29323
1.40364e+09,0.2891
1.40364e+09,0.287377
1.40364e+09,0.352636
1.40364e+09,0.283378
1.40364e+09,0.312472
1.40364e+09,0.429533
1.40364e+09,0.27368
1.40364e+09,0.273289
1.40364e+09,0.275176
1.40364e+09,0.273535
1.40364e+09,0.27705
1.40364e+09,0.311803
1.40364e+09,0.309878
1.40364e+09,0.341978
1.40364e+09,0.284003
1.40364e+09,0.291354
1.40364e+09,0.287978
1.40364e+09,0.285854
1.40364e+09,0.323077
1.40364e+09,0.34027
1.40364e+09,0.366971
1.40364e+09,0.349751
1.40364e+09,0.426027
1.40364e+09,0.300638
1.40364e+09,0.276349
1.40364e+09,0.287628
1.40364e+09,0.292381
1.40364e+09,0.337007
1.40364e+09,0.348676
1.40364e+09,0.343436
1.40364e+09,0.344731
1.40364e+09,0.344609
1.40364e+09,0.35899
1.40364e+09,0.341125
1.40364e+09,0.286318
1.40364e+09,0.282411
1.40364e+09,0.575327
1.40364e+09,0.308615
1.40364e+09,0.320846
1.40364e+09,0.316273
1.40364e+09,0.338263
1.40364e+09,0.308478
1.40364e+09,0.34426
1.40364e+09,0.345693
1.40364e+09,0.349556
1.40364e+09,0.345948
1.40364e+09,0.345328
1.40364e+09,0.379125
1.40364e+09,0.334462
1.40364e+09,0.340209
1.40364e+09,0.645867
1.40364e+09,0.314197
1.40364e+09,0.30976
1.40364e+09,0.311498
1.40364e+09,0.32737
1.40364e+09,0.344251
1.40364e+09,0.352741
1.40364e+09,0.356159
1.40364e+09,0.356388
1.40364e+09,0.344679
1.40364e+09,0.350184
1.40364e+09,0.341685
1.40364e+09,0.338737
1.40364e+09,0.345548
1.40364e+09,0.558134
1.40364e+09,0.31377
1.40364e+09,0.322384
1.40364e+09,0.330725
1.40364e+09,0.346211
1.40364e+09,0.355089
1.40364e+09,0.357818
1.40364e+09,0.3487
1.40364e+09,0.364735
1.40364e+09,0.375577
1.40364e+09,0.369514
1.40364e+09,0.364542
1.40364e+09,0.382941
1.40364e+09,0.378459
1.40364e+09,0.382131
1.40364e+09,0.365521
1.40364e+09,0.368332
1.40364e+09,0.385218
1.40364e+09,0.354107
1.40364e+09,0.362216
1.40364e+09,0.530385
1.40364e+09,0.323196
1.40364e+09,0.325136
1.40364e+09,0.308011
1.40364e+09,0.301062
1.40364e+09,0.304624
1.40364e+09,0.306532
1.40364e+09,0.300985
1.40364e+09,0.297343
1.40364e+09,0.311269
1.40364e+09,0.289749
1.40364e+09,0.291878
1.40364e+09,0.315481
1.40364e+09,0.342026
1.40364e+09,0.302132
1.40364e+09,0.336334
1.40364e+09,0.362033
1.40364e+09,0.37342
1.40364e+09,0.365855
1.40364e+09,0.370006
1.40364e+09,0.36584
1.40364e+09,0.326877
1.40364e+09,0.349334
1.40364e+09,0.325188
1.40364e+09,0.369591
1.40364e+09,0.323965
1.40364e+09,0.366819
1.40364e+09,0.368539
1.40364e+09,0.385755
1.40364e+09,0.370312
1.40364e+09,0.307996
1.40364e+09,0.31136
1.40364e+09,0.308897
1.40364e+09,0.547866
1.40364e+09,0.29334
1.40364e+09,0.289791
1.40364e+09,0.284896
1.40364e+09,0.291557
1.40364e+09,0.322818
1.40364e+09,0.308705
1.40364e+09,0.351279
1.40364e+09,0.339806
1.40364e+09,0.293284
1.40364e+09,0.333269
1.40364e+09,0.296436
1.40364e+09,0.286099
1.40364e+09,0.290394
1.40364e+09,0.290009
1.40364e+09,0.288061
1.40364e+09,0.325036
1.40364e+09,0.330749
1.40364e+09,0.304534
1.40364e+09,0.33235
1.40364e+09,0.300679
1.40364e+09,0.329255
1.40364e+09,0.515115
1.40364e+09,0.321542
1.40364e+09,0.295658
1.40364e+09,0.281462
1.40364e+09,0.289766
1.40364e+09,0.287325
1.40364e+09,0.284251
1.40364e+09,0.281827
1.40364e+09,0.333014
1.40364e+09,0.36089
1.40364e+09,0.490728
1.40364e+09,0.279921
1.40364e+09,0.287532
1.40364e+09,0.314121
1.40364e+09,0.335757
1.40364e+09,0.311032
1.40364e+09,0.285634
1.40364e+09,0.33686
1.40364e+09,0.307146
1.40364e+09,0.309828
1.40364e+09,0.351731
1.40364e+09,0.336086
1.40364e+09,0.329358
1.40364e+09,0.318841
1.40364e+09,0.468116
1.40364e+09,0.317516
1.40364e+09,0.32152
1.40364e+09,0.296435
1.40364e+09,0.294571
1.40364e+09,0.298731
1.40364e+09,0.299741
1.40364e+09,0.297465
1.40364e+09,0.290448
1.40364e+09,0.303896
1.40364e+09,0.294407
1.40364e+09,0.554005
1.40364e+09,0.277306
1.40364e+09,0.289536
1.40364e+09,0.341768
1.40364e+09,0.293728
1.40364e+09,0.301165
1.40364e+09,0.289489
1.40364e+09,0.292622
1.40364e+09,0.293438
1.40364e+09,0.29984
1.40364e+09,0.300194
1.40364e+09,0.300705
1.40364e+09,0.30325
1.40364e+09,0.425318
1.40364e+09,0.314366
1.40364e+09,0.301136
1.40364e+09,0.297204
1.40364e+09,0.301446
1.40364e+09,0.344734
1.40364e+09,0.330042
1.40364e+09,0.332787
1.40364e+09,0.382271
1.40364e+09,0.339045
1.40364e+09,0.373198
1.40364e+09,0.373472
1.40364e+09,0.314947
1.40364e+09,0.385068
1.40364e+09,0.314451
1.40364e+09,0.37979
1.40364e+09,0.371035
1.40364e+09,0.306926
1.40364e+09,0.354343
1.40364e+09,0.671818
1.40364e+09,0.330414
1.40364e+09,0.333454
1.40364e+09,0.325837
1.40364e+09,0.333552
1.40364e+09,0.342075
1.40364e+09,0.334291
1.40364e+09,0.333334
1.40364e+09,0.333205
1.40364e+09,0.313796
1.40364e+09,0.31435
1.40364e+09,0.336089
1.40364e+09,0.318665
1.40364e+09,0.320468
1.40364e+09,0.316484
1.40364e+09,0.315048
1.40364e+09,0.443321
1.40364e+09,0.303371
1.40364e+09,0.302645
1.40364e+09,0.341106
1.40364e+09,0.313664
1.40364e+09,0.315759
1.40364e+09,0.328153
1.40364e+09,0.329344
1.40364e+09,0.334103
1.40364e+09,0.323705
1.40364e+09,0.327923
1.40364e+09,0.328139
1.40364e+09,0.320718
1.40364e+09,0.326566
1.40364e+09,0.330972
1.40364e+09,0.329824
1.40364e+09,0.329475
1.40364e+09,0.327835
1.40364e+09,0.321884
1.40364e+09,0.322974
1.40364e+09,0.384934
1.40364e+09,0.60575
1.40364e+09,0.30386
1.40364e+09,0.304506
1.40364e+09,0.305912
1.40364e+09,0.310616
1.40364e+09,0.320637
1.40364e+09,0.356753
1.40364e+09,0.415158
1.40364e+09,0.399043
1.40364e+09,0.421921
1.40364e+09,0.319047
1.40364e+09,0.32667
1.40364e+09,0.328368
1.40364e+09,0.360638
1.40364e+09,0.35799
1.40364e+09,0.370888
1.40364e+09,0.330141
1.40364e+09,0.372422
1.40364e+09,0.419894
1.40364e+09,0.384147
1.40364e+09,0.392362
1.40364e+09,0.380553
1.40364e+09,0.387433
1.40364e+09,0.712115
1.40364e+09,0.323472
1.40364e+09,0.323052
1.40364e+09,0.32706
1.40364e+09,0.32579
1.40364e+09,0.329241
1.40364e+09,0.328332
1.40364e+09,0.334853
1.40364e+09,0.335105
1.40364e+09,0.367784
1.40364e+09,0.368653
1.40364e+09,0.380442
1.40364e+09,0.397621
1.40364e+09,0.384637
1.40364e+09,0.380277
1.40364e+09,0.402163
1.40364e+09,0.355714
1.40364e+09,0.348686
1.40364e+09,0.342548
1.40364e+09,0.327105
1.40364e+09,0.343159
1.40364e+09,0.327824
1.40364e+09,0.346149
1.40364e+09,0.328487
1.40364e+09,0.344871
1.40364e+09,0.332959
1.40364e+09,0.408698
1.40364e+09,0.87543
1.40364e+09,0.406824
1.40364e+09,0.326292
1.40364e+09,0.334285
1.40364e+09,0.340031
1.40364e+09,0.341894
1.40364e+09,0.347598
1.40364e+09,0.333522
1.40364e+09,0.330403
1.40364e+09,0.333074
1.40364e+09,0.34067
1.40364e+09,0.338791
1.40364e+09,0.334996
1.40364e+09,0.332889
1.40364e+09,0.33738
1.40364e+09,0.339762
1.40364e+09,0.332324
1.40364e+09,0.326213
1.40364e+09,0.41323
1.40364e+09,0.384544
1.40364e+09,0.398353
1.40364e+09,0.331829
1.40364e+09,0.323701
1.40364e+09,0.329898
1.40364e+09,0.761714
1.40364e+09,0.426418
1.40364e+09,0.32094
1.40364e+09,0.322478
1.40364e+09,0.322025
1.40364e+09,0.322399
1.40364e+09,0.32658
1.40364e+09,0.329891
1.40364e+09,0.340361
1.40364e+09,0.349582
1.40364e+09,0.365433
1.40364e+09,0.402799
1.40364e+09,0.401541
1.40364e+09,0.356873
1.40364e+09,0.350106
1.40364e+09,0.344216
1.40364e+09,0.398185
1.40364e+09,0.412064
1.40364e+09,0.376077
1.40364e+09,0.356262
1.40364e+09,0.338388
1.40364e+09,0.34461
1.40364e+09,0.345937
1.40364e+09,0.925319
1.40364e+09,0.338961
1.40364e+09,0.330782
1.40364e+09,0.33799
1.40364e+09,0.335085
1.40364e+09,0.334675
1.40364e+09,0.35257
1.40364e+09,0.345573
1.40364e+09,0.349094
1.40364e+09,0.359476
1.40364e+09,0.35085
1.40364e+09,0.351576
1.40364e+09,0.348117
1.40364e+09,0.350896
1.40364e+09,0.349518
1.40364e+09,0.350043
1.40364e+09,0.348163
1.40364e+09,0.349969
1.40364e+09,0.348258
1.40364e+09,0.345262
1.40364e+09,0.349305
1.40364e+09,0.340619
1.40364e+09,0.339258
1.40364e+09,0.337963
1.40364e+09,0.803699
1.40364e+09,0.435741
1.40364e+09,0.321504
1.40364e+09,0.318785
1.40364e+09,0.32307
1.40364e+09,0.322678
1.40364e+09,0.324435
1.40364e+09,0.332747
1.40364e+09,0.33152
1.40364e+09,0.354496
1.40364e+09,0.333333
1.40364e+09,0.328715
1.40364e+09,0.327582
1.40364e+09,0.327221
1.40364e+09,0.326571
1.40364e+09,0.326426
1.40364e+09,0.327863
1.40364e+09,0.33025
1.40364e+09,0.323732
1.40364e+09,0.325497
1.40364e+09,0.327761
1.40364e+09,0.324015
1.40364e+09,0.830917
1.40364e+09,0.385363
1.40364e+09,0.37037
1.40364e+09,0.374391
1.40364e+09,0.384745
1.40364e+09,0.39419
1.40364e+09,0.40852
1.40364e+09,0.40122
1.40364e+09,0.402917
1.40364e+09,0.417432
1.40364e+09,0.403489
1.40364e+09,0.428119
1.40364e+09,0.436783
1.40364e+09,0.417677
1.40364e+09,0.401738
1.40364e+09,0.402991
1.40364e+09,0.409629
1.40364e+09,0.397557
1.40364e+09,0.40847
1.40364e+09,0.406208
1.40364e+09,0.408929
1.40364e+09,0.403987
1.40364e+09,0.6524
1.40364e+09,0.404619
1.40364e+09,0.374419
1.40364e+09,0.376808
1.40364e+09,0.391866
1.40364e+09,0.397725
1.40364e+09,0.421013
1.40364e+09,0.406373
1.40364e+09,0.397054
1.40364e+09,0.406427
1.40364e+09,0.401579
1.40364e+09,0.404033
1.40364e+09,0.405635
1.40364e+09,0.41572
1.40364e+09,0.409914
1.40364e+09,0.397626
1.40364e+09,0.403976
1.40364e+09,0.405605
1.40364e+09,0.401997
1.40364e+09,0.408002
1.40364e+09,0.400415
1.40364e+09,0.391565
1.40364e+09,0.397196
1.40364e+09,0.393033
1.40364e+09,0.754559
1.40364e+09,0.372155
1.40364e+09,0.368692
1.40364e+09,0.380816
1.40364e+09,0.388015
1.40364e+09,0.402298
1.40364e+09,0.404689
1.40364e+09,0.398199
1.40364e+09,0.398882
1.40364e+09,0.398411
1.40364e+09,0.393235
1.40364e+09,0.396822
1.40364e+09,0.405551
1.40364e+09,0.39634
1.40364e+09,0.401145
1.40364e+09,0.40487
1.40364e+09,0.39468
1.40364e+09,0.40045
1.40364e+09,0.392026
1.40364e+09,0.392077
1.40364e+09,0.39021
1.40364e+09,0.772597
1.40364e+09,0.352431
1.40364e+09,0.362809
1.40364e+09,0.384621
1.40364e+09,0.33764
1.40364e+09,0.368191
1.40364e+09,0.342129
1.40364e+09,0.393058
1.40364e+09,0.396547
1.40364e+09,0.344657
1.40364e+09,0.344232
1.40364e+09,0.397531
1.40364e+09,0.360411
1.40364e+09,0.343571
1.40364e+09,0.341977
1.40364e+09,0.337263
1.40364e+09,0.379881
1.40364e+09,0.392603
1.40364e+09,0.668452
1.40364e+09,0.375645
1.40364e+09,0.337691
1.40364e+09,0.374632
1.40364e+09,0.339605
1.40364e+09,0.371334
1.40364e+09,0.413295
1.40364e+09,0.401724
1.40364e+09,0.365199
1.40364e+09,0.375397
1.40364e+09,0.372719
1.40364e+09,0.387272
1.40364e+09,0.391583
1.40364e+09,0.352618
1.40364e+09,0.348515
1.40364e+09,0.344034
1.40364e+09,0.343453
1.40364e+09,0.339096
1.40364e+09,0.342688
1.40364e+09,0.337646
1.40364e+09,0.341021
1.40364e+09,0.61556
1.40364e+09,0.372256
1.40364e+09,0.335844
1.40364e+09,0.333161
1.40364e+09,0.330773
1.40364e+09,0.333829
1.40364e+09,0.327156
1.40364e+09,0.334799
1.40364e+09,0.370625
1.40364e+09,0.336709
1.40364e+09,0.335807
1.40364e+09,0.330513
1.40364e+09,0.320062
1.40364e+09,0.68905
1.40364e+09,0.317794
1.40364e+09,0.335611
1.40364e+09,0.327889
1.40364e+09,0.327252
1.40364e+09,0.334058
1.40364e+09,0.339134
1.40364e+09,0.331134
1.40364e+09,0.325378
1.40364e+09,0.359704
1.40364e+09,0.336055
1.40364e+09,0.331969
1.40364e+09,0.469393
1.40364e+09,0.316181
1.40364e+09,0.338497
1.40364e+09,0.344012
1.40364e+09,0.350225
1.40364e+09,0.345886
1.40364e+09,0.310712
1.40364e+09,0.311536
1.40364e+09,0.37317
1.40364e+09,0.316107
1.40364e+09,0.319705
1.40364e+09,0.319025
1.40364e+09,0.379888
1.40364e+09,0.37399
1.40364e+09,0.372206
1.40364e+09,0.374878
1.40364e+09,0.355371
1.40364e+09,0.360249
1.40364e+09,0.359096
1.40364e+09,0.316682
1.40364e+09,0.315638
1.40364e+09,0.373352
1.40364e+09,0.380044
1.40364e+09,0.386741
1.40364e+09,0.397145
1.40364e+09,0.406078
1.40364e+09,0.338093
1.40364e+09,0.391287
1.40364e+09,0.369986
1.40364e+09,0.351286
1.40364e+09,0.391677
1.40364e+09,0.372969
1.40364e+09,0.408694
1.40364e+09,0.398059
1.40364e+09,0.402132
1.40364e+09,0.402625
1.40364e+09,0.688359
1.40364e+09,0.379809
1.40364e+09,0.37657
1.40364e+09,0.372506
1.40364e+09,0.376629
1.40364e+09,0.385624
1.40364e+09,0.403582
1.40364e+09,0.368923
1.40364e+09,0.367601
1.40364e+09,0.375119
1.40364e+09,0.377917
1.40364e+09,0.346556
1.40364e+09,0.396447
1.40364e+09,0.366972
1.40364e+09,0.40772
1.40364e+09,0.397136
1.40364e+09,0.397756
1.40364e+09,0.397353
1.40364e+09,0.345151
1.40364e+09,0.354037
1.40364e+09,0.690665
1.40364e+09,0.374641
1.40364e+09,0.34421
1.40364e+09,0.344838
1.40364e+09,0.373315
1.40364e+09,0.358116
1.40364e+09,0.362607
1.40364e+09,0.35697
1.40364e+09,0.410273
1.40364e+09,0.45354
1.40364e+09,0.43773
1.40364e+09,0.444646
1.40364e+09,0.425309
1.40364e+09,0.34632
1.40364e+09,0.353468
1.40364e+09,0.351739
1.40364e+09,0.827335
1.40364e+09,0.345831
1.40364e+09,0.373925
1.40364e+09,0.344966
1.40364e+09,0.346276
1.40364e+09,0.337245
1.40364e+09,0.345861
1.40364e+09,0.351547
1.40364e+09,0.339926
1.40364e+09,0.341254
1.40364e+09,0.332004
1.40364e+09,0.403346
1.40364e+09,0.391762
1.40364e+09,0.348225
1.40364e+09,0.347376
1.40364e+09,0.6886
1.40364e+09,0.35884
1.40364e+09,0.354588
1.40364e+09,0.386789
1.40364e+09,0.390306
1.40364e+09,0.360323
1.40364e+09,0.369112
1.40364e+09,0.414304
1.40364e+09,0.360715
1.40364e+09,0.365224
1.40364e+09,0.410688
1.40364e+09,0.355817
1.40364e+09,0.411797
1.40364e+09,0.355464
1.40364e+09,0.395107
1.40364e+09,0.352969
1.40364e+09,0.343744
1.40364e+09,0.378519
1.40364e+09,0.58029
1.40364e+09,0.357028
1.40364e+09,0.326539
1.40364e+09,0.327118
1.40364e+09,0.333442
1.40364e+09,0.343488
1.40364e+09,0.337187
1.40364e+09,0.341535
1.40364e+09,0.343495
1.40364e+09,0.345963
1.40364e+09,0.346491
1.40364e+09,0.35261
1.40364e+09,0.375476
1.40364e+09,0.395284
1.40364e+09,0.384216
1.40364e+09,0.38578
1.40364e+09,0.384349
1.40364e+09,0.825178
1.40364e+09,0.358294
1.40364e+09,0.376075
1.40364e+09,0.376027
1.40364e+09,0.388603
1.40364e+09,0.39615
1.40364e+09,0.410057
1.40364e+09,0.43323
1.40364e+09,0.326349
1.40364e+09,0.402461
1.40364e+09,0.394667
1.40364e+09,0.396641
1.40364e+09,0.384194
1.40364e+09,0.380616
1.40364e+09,0.383841
1.40364e+09,0.381144
1.40364e+09,0.367572
1.40364e+09,0.375103
1.40364e+09,0.360422
1.40364e+09,0.373313
1.40364e+09,0.355972
1.40364e+09,0.817959
1.40364e+09,0.383165
1.40364e+09,0.344077
1.40364e+09,0.354839
1.40364e+09,0.359211
1.40364e+09,0.365151
1.40364e+09,0.361068
1.40364e+09,0.357788
1.40364e+09,0.359579
1.40364e+09,0.353202
1.40364e+09,0.37172
1.40364e+09,0.361442
1.40364e+09,0.354737
1.40364e+09,0.650691
1.40364e+09,0.336012
1.40364e+09,0.334801
1.40364e+09,0.341775
1.40364e+09,0.344388
1.40364e+09,0.352345
1.40364e+09,0.358696
1.40364e+09,0.358752
1.40364e+09,0.360086
1.40364e+09,0.352963
1.40364e+09,0.382187
1.40364e+09,0.318937
1.40364e+09,0.385901
1.40364e+09,0.375814
1.40364e+09,0.530765
1.40364e+09,0.34132
1.40364e+09,0.324498
1.40364e+09,0.299235
1.40364e+09,0.347198
1.40364e+09,0.320106
1.40364e+09,0.318222
1.40364e+09,0.325262
1.40364e+09,0.297195
1.40364e+09,0.338462
1.40364e+09,0.342673
1.40364e+09,0.316455
1.40364e+09,0.316521
1.40364e+09,0.308033
1.40364e+09,0.313804
1.40364e+09,0.300936
1.40364e+09,0.324885
1.40364e+09,0.317955
1.40364e+09,0.316931
1.40364e+09,0.306002
1.40364e+09,0.322154
1.40364e+09,0.325005
1.40364e+09,0.314834
1.40364e+09,0.30133
1.40364e+09,0.307943
1.40364e+09,0.352716
1.40364e+09,0.343779
1.40364e+09,0.368717
1.40364e+09,0.316962
1.40364e+09,0.353
1.40364e+09,0.392542
1.40364e+09,0.397664
1.40364e+09,0.390217
1.40364e+09,0.387443
1.40364e+09,0.38959
1.40364e+09,0.370186
1.40364e+09,0.540386
1.40364e+09,0.360152
1.40364e+09,0.337496
1.40364e+09,0.344143
1.40364e+09,0.345585
1.40364e+09,0.338728
1.40364e+09,0.339682
1.40364e+09,0.347588
1.40364e+09,0.346756
1.40364e+09,0.340906
1.40364e+09,0.3225
1.40364e+09,0.321325
1.40364e+09,0.397084
1.40364e+09,0.400597
1.40364e+09,0.421017
1.40364e+09,0.412395
1.40364e+09,0.403265
1.40364e+09,0.391053
1.40364e+09,0.336545
1.40364e+09,0.340236
1.40364e+09,0.334827
1.40364e+09,0.396426
1.40364e+09,0.406833
1.40364e+09,0.415187
1.40364e+09,0.375589
1.40364e+09,0.337019
1.40364e+09,0.343595
1.40364e+09,0.353297
1.40364e+09,0.345121
1.40364e+09,0.338998
1.40364e+09,0.336665
1.40364e+09,0.33727
1.40364e+09,0.662735
1.40364e+09,0.384079
1.40364e+09,0.374539
1.40364e+09,0.374923
1.40364e+09,0.390115
1.40364e+09,0.41315
1.40364e+09,0.416674
1.40364e+09,0.421688
1.40364e+09,0.394921
1.40364e+09,0.403133
1.40364e+09,0.39606
1.40364e+09,0.403584
1.40364e+09,0.395798
1.40364e+09,0.428426
1.40364e+09,0.395427
1.40364e+09,0.407163
1.40364e+09,0.390071
1.40364e+09,0.389945
1.40364e+09,0.418665
1.40364e+09,0.417885
1.40364e+09,0.409961
1.40364e+09,0.410182
1.40364e+09,0.413714
1.40364e+09,0.914505
1.40364e+09,0.39535
1.40364e+09,0.36687
1.40364e+09,0.349996
1.40364e+09,0.350039
1.40364e+09,0.375556
1.40364e+09,0.360694
1.40364e+09,0.353815
1.40364e+09,0.343418
1.40364e+09,0.394184
1.40364e+09,0.342879
1.40364e+09,0.403764
1.40364e+09,0.404184
1.40364e+09,0.395814
1.40364e+09,0.366843
1.40364e+09,0.353525
1.40364e+09,0.355958
1.40364e+09,0.469398
1.40364e+09,0.442819
1.40364e+09,0.442869
1.40364e+09,0.469421
1.40364e+09,0.449175
1.40364e+09,0.456148
1.40364e+09,0.406486
1.40364e+09,0.409577
1.40364e+09,0.405009
1.40364e+09,0.406112
1.40364e+09,0.422038
1.40364e+09,0.434105
1.40364e+09,0.416371
1.40364e+09,0.349164
1.40364e+09,0.730102
1.40364e+09,0.41088
1.40364e+09,0.388132
1.40364e+09,0.391439
1.40364e+09,0.355794
1.40364e+09,0.369167
1.40364e+09,0.365339
1.40364e+09,0.425671
1.40364e+09,0.406502
1.40364e+09,0.40491
1.40364e+09,0.406084
1.40364e+09,0.404121
1.40364e+09,0.412229
1.40364e+09,0.411308
1.40364e+09,0.410269
1.40364e+09,0.404484
1.40364e+09,0.415498
1.40364e+09,0.420378
1.40364e+09,0.417199
1.40364e+09,0.372508
1.40364e+09,0.350298
1.40364e+09,0.414748
1.40364e+09,0.37026
1.40364e+09,0.427509
1.40364e+09,0.862369
1.40364e+09,0.345834
1.40364e+09,0.344548
1.40364e+09,0.393808
1.40364e+09,0.35797
1.40364e+09,0.35788
1.40364e+09,0.440844
1.40364e+09,0.360667
1.40364e+09,0.429058
1.40364e+09,0.419404
1.40364e+09,0.420747
1.40364e+09,0.433076
1.40364e+09,0.418165
1.40364e+09,0.414284
1.40364e+09,0.355361
1.40364e+09,0.356915
1.40364e+09,0.355387
1.40364e+09,0.441865
1.40364e+09,0.354683
1.40364e+09,0.383125
1.40364e+09,0.38581
1.40364e+09,0.433252
1.40364e+09,0.416691
1.40364e+09,0.410595
1.40364e+09,0.400984
1.40364e+09,0.715481
1.40364e+09,0.407009
1.40364e+09,0.34306
1.40364e+09,0.33626
1.40364e+09,0.384402
1.40364e+09,0.380415
1.40364e+09,0.389276
1.40364e+09,0.387681
1.40364e+09,0.385139
1.40364e+09,0.391863
1.40364e+09,0.407244
1.40364e+09,0.358856
1.40364e+09,0.332457
1.40364e+09,0.33856
1.40364e+09,0.360154
1.40364e+09,0.356315
1.40364e+09,0.369488
1.40364e+09,0.584002
1.40364e+09,0.349905
1.40364e+09,0.325598
1.40364e+09,0.330787
1.40364e+09,0.334506
1.40364e+09,0.337206
1.40364e+09,0.411726
1.40364e+09,0.400289
1.40364e+09,0.388789
1.40364e+09,0.347267
1.40364e+09,0.334878
1.40364e+09,0.339343
1.40364e+09,0.341174
1.40364e+09,0.337894
1.40364e+09,0.325732
1.40364e+09,0.456347
1.40364e+09,0.327366
1.40364e+09,0.331477
1.40364e+09,0.325477
1.40364e+09,0.338663
1.40364e+09,0.331257
1.40364e+09,0.343382
1.40364e+09,0.327376
1.40364e+09,0.391075
1.40364e+09,0.350281
1.40364e+09,0.346066
1.40364e+09,0.498881
1.40364e+09,0.330171
1.40364e+09,0.367753
1.40364e+09,0.347051
1.40364e+09,0.347642
1.40364e+09,0.352556
1.40364e+09,0.390421
1.40364e+09,0.343243
1.40364e+09,0.348801
1.40364e+09,0.331734
1.40364e+09,0.330471
1.40364e+09,0.453984
1.40364e+09,0.317137
1.40364e+09,0.339286
1.40364e+09,0.321144
1.40364e+09,0.309533
1.40364e+09,0.345634
1.40364e+09,0.405923
1.40364e+09,0.280321
1.40364e+09,0.296266
1.40364e+09,0.307623
1.40364e+09,0.306718
1.40364e+09,0.415092
1.40364e+09,0.29826
1.40364e+09,0.283474
1.40364e+09,0.266887
1.40364e+09,0.290483
1.40364e+09,0.272068
1.40364e+09,0.275464
1.40364e+09,0.248178
1.40364e+09,0.263416
1.40364e+09,0.316544
1.40364e+09,0.377195
1.40364e+09,0.238481
1.40364e+09,0.275771
1.40364e+09,0.26331
1.40364e+09,0.257474
1.40364e+09,0.253592
1.40364e+09,0.242458
1.40364e+09,0.239957
1.40364e+09,0.237362
1.40364e+09,0.24793
1.40364e+09,0.261828
1.40364e+09,0.255015
1.40364e+09,0.277638
1.40364e+09,0.243606
1.40364e+09,0.24921
1.40364e+09,0.274183
1.40364e+09,0.263748
1.40364e+09,0.262867
1.40364e+09,0.305261
1.40364e+09,0.280134
1.40364e+09,0.275627
1.40364e+09,0.265748
1.40364e+09,0.29074
1.40364e+09,0.315676
1.40364e+09,0.313677
1.40364e+09,0.297921
1.40364e+09,0.31249
1.40364e+09,0.321639
1.40364e+09,0.323492
1.40364e+09,0.314995
1.40364e+09,0.329332
1.40364e+09,0.384926
1.40364e+09,0.334668
1.40364e+09,0.311465
1.40364e+09,0.308801
1.40364e+09,0.279666
1.40364e+09,0.342143
1.40364e+09,0.320428
1.40364e+09,0.327901
1.40364e+09,0.333615
1.40364e+09,0.314566
1.40364e+09,0.319156
1.40364e+09,0.329033
1.40364e+09,0.319309
1.40364e+09,0.342175
1.40364e+09,0.311428
1.40364e+09,0.316266
1.40364e+09,0.271477
1.40364e+09,0.294569
1.40364e+09,0.280471
1.40364e+09,0.284712
1.40364e+09,0.309545
1.40364e+09,0.312317
1.40364e+09,0.293059
1.40364e+09,0.269323
1.40364e+09,0.266794
1.40364e+09,0.270693
1.40364e+09,0.303165
1.40364e+09,0.28163
1.40364e+09,0.334892
1.40364e+09,0.309018
1.40364e+09,0.309931
1.40364e+09,0.319047
1.40364e+09,0.338337
1.40364e+09,0.339783
1.40364e+09,0.316864
1.40364e+09,0.275195
1.40364e+09,0.327645
1.40364e+09,0.336201
1.40364e+09,0.315058
1.40364e+09,0.310919
1.40364e+09,0.284356
1.40364e+09,0.327012
1.40364e+09,0.306809
1.40364e+09,0.27796
1.40364e+09,0.279605
1.40364e+09,0.277303
1.40364e+09,0.27606
1.40364e+09,0.311986
1.40364e+09,0.29314
1.40364e+09,0.282397
1.40364e+09,0.256882
1.40364e+09,0.232338
1.40364e+09,0.202154
1.40364e+09,0.244877
1.40364e+09,0.281677
1.40364e+09,0.255874
1.40364e+09,0.35944
1.40364e+09,0.279497
1.40364e+09,0.302991
1.40364e+09,0.253583
1.40364e+09,0.246698
1.40364e+09,0.235161
1.40364e+09,0.322757
1.40364e+09,0.233972
1.40364e+09,0.263972
1.40364e+09,0.255259
1.40364e+09,0.285429
1.40364e+09,0.388592
1.40364e+09,0.258473
1.40364e+09,0.22409
